timestamp,symbol,price,pred_15m,pred_1h
2025-11-27 17:50:00+00:00,BTCUSDT,91413.14,0.8004400134086609,0.8366535651992038
2025-11-27 17:50:00+00:00,ETHUSDT,3016.49,0.9289734363555908,0.964716752210074
2025-11-27 17:50:00+00:00,SOLUSDT,141.55,0.7556843903109125,0.6391318440437317
2025-11-27 17:50:00+00:00,AVAXUSDT,15.09,0.9282886139608906,0.9893922553401148
2025-11-27 17:50:00+00:00,XRPUSDT,2.2042,0.8451873962799797,0.9851598998163094
2025-11-27 17:51:00+00:00,BTCUSDT,91413.14,0.8004400134086609,0.8366535651992038
2025-11-27 17:51:00+00:00,ETHUSDT,3016.49,0.9289734363555908,0.964716752210074
2025-11-27 17:51:00+00:00,SOLUSDT,141.55,0.7556843903109125,0.6391318440437317
2025-11-27 17:51:00+00:00,AVAXUSDT,15.09,0.9282886139608906,0.9893922553401148
2025-11-27 17:51:00+00:00,XRPUSDT,2.2042,0.8451873962799797,0.9851598998163094
2025-11-27 17:52:00+00:00,BTCUSDT,91457.21,0.6167688965797424,0.6383100401406745
2025-11-27 17:52:00+00:00,ETHUSDT,3017.57,0.9210059642791748,0.9689300305009323
2025-11-27 17:52:00+00:00,SOLUSDT,141.49,0.6763437109598098,0.6058775782585144
2025-11-27 17:52:00+00:00,AVAXUSDT,15.1,0.9427227194896228,0.9909619867449669
2025-11-27 17:52:00+00:00,XRPUSDT,2.2029,0.8526034197734824,0.9839698672294617
2025-11-27 17:53:00+00:00,BTCUSDT,91407.24,0.805517315864563,0.7690945863723755
2025-11-27 17:53:00+00:00,ETHUSDT,3016.95,0.9383424520492554,0.9688440079820458
2025-11-27 17:53:00+00:00,SOLUSDT,141.54,0.7222416512131404,0.5851118564605713
2025-11-27 17:53:00+00:00,AVAXUSDT,15.1,0.9241773209150574,0.9910153320447643
2025-11-27 17:53:00+00:00,XRPUSDT,2.202,0.8499506287082296,0.9824411273002625
2025-11-27 17:54:00+00:00,BTCUSDT,91464.01,0.52007657289505,0.629479169845581
2025-11-27 17:54:00+00:00,ETHUSDT,3017.69,0.9301181435585022,0.9724879346480158
2025-11-27 17:54:00+00:00,SOLUSDT,141.61,0.7607003450393677,0.5942919254302979
2025-11-27 17:54:00+00:00,AVAXUSDT,15.09,0.9528639077606309,0.9964048043993115
2025-11-27 17:54:00+00:00,XRPUSDT,2.2043,0.880880965874899,0.9866066463579007
2025-11-27 17:55:00+00:00,BTCUSDT,91490.91,0.519199788570404,0.622066080570221
2025-11-27 17:55:00+00:00,ETHUSDT,3019.47,0.9243494272232056,0.9699218992994308
2025-11-27 17:55:00+00:00,SOLUSDT,141.69,0.7819204330444336,0.6465713977813721
2025-11-27 17:55:00+00:00,AVAXUSDT,15.1,0.8860942580464959,0.9906500900912734
2025-11-27 17:55:00+00:00,XRPUSDT,2.2071,0.8805068464151182,0.9831900420991639
2025-11-27 17:56:00+00:00,BTCUSDT,91496.35,0.4904598606876796,0.630026638507843
2025-11-27 17:56:00+00:00,ETHUSDT,3019.36,0.9364615082740784,0.9685881048185185
2025-11-27 17:56:00+00:00,SOLUSDT,141.64,0.7747493463240894,0.6546061038970947
2025-11-27 17:56:00+00:00,AVAXUSDT,15.1,0.9022386297546808,0.9915168447178475
2025-11-27 17:56:00+00:00,XRPUSDT,2.2087,0.8528161532969957,0.9668524265289307
2025-11-27 17:57:00+00:00,BTCUSDT,91487.99,0.5293072462081909,0.6707558631896973
2025-11-27 17:57:00+00:00,ETHUSDT,3019.63,0.949155330657959,0.9663412177209108
2025-11-27 17:57:00+00:00,SOLUSDT,141.67,0.79126110987996,0.6802875995635986
2025-11-27 17:57:00+00:00,AVAXUSDT,15.11,0.7843643649032292,0.9906080409234477
2025-11-27 17:57:00+00:00,XRPUSDT,2.2092,0.8102866759031093,0.9637044145252753
2025-11-27 17:58:00+00:00,BTCUSDT,91464.0,0.6368988156318665,0.6604458093643188
2025-11-27 17:58:00+00:00,ETHUSDT,3020.01,0.966191291809082,0.9661332391519061
2025-11-27 17:58:00+00:00,SOLUSDT,141.61,0.7355965507394973,0.6525200605392456
2025-11-27 17:58:00+00:00,AVAXUSDT,15.1,0.9330508467073927,0.9902130381579588
2025-11-27 17:58:00+00:00,XRPUSDT,2.2078,0.8749110665575769,0.9701070860886937
2025-11-27 17:59:00+00:00,BTCUSDT,91467.82,0.7401865124702454,0.6722322702407837
2025-11-27 17:59:00+00:00,ETHUSDT,3020.28,0.9712204933166504,0.9630086289667632
2025-11-27 17:59:00+00:00,SOLUSDT,141.64,0.7885154995046225,0.6945480108261108
2025-11-27 17:59:00+00:00,AVAXUSDT,15.11,0.8291983714345427,0.9889702923701336
2025-11-27 17:59:00+00:00,XRPUSDT,2.2084,0.8409653795759159,0.9606656219192414
2025-11-27 18:00:00+00:00,BTCUSDT,91479.3,0.7523093223571777,0.6944202780723572
2025-11-27 18:00:00+00:00,ETHUSDT,3020.03,0.9692224860191345,0.9813255866407185
2025-11-27 18:00:00+00:00,SOLUSDT,141.64,0.681721097973974,0.7372698783874512
2025-11-27 18:00:00+00:00,AVAXUSDT,15.12,0.6805217677789663,0.9831121053654482
2025-11-27 18:00:00+00:00,XRPUSDT,2.208,0.8327179915161776,0.9610967521544119
2025-11-27 18:01:00+00:00,BTCUSDT,91461.99,0.6537927389144897,0.6987472772598267
2025-11-27 18:01:00+00:00,ETHUSDT,3019.36,0.9791489243507385,0.9755047586434963
2025-11-27 18:01:00+00:00,SOLUSDT,141.57,0.7455118894577026,0.5788164734840393
2025-11-27 18:01:00+00:00,AVAXUSDT,15.11,0.8702580736127925,0.9878007725467319
2025-11-27 18:01:00+00:00,XRPUSDT,2.2075,0.858452258657972,0.9659713894338363
2025-11-27 18:02:00+00:00,BTCUSDT,91430.78,0.8059561252593994,0.7638775110244751
2025-11-27 18:02:00+00:00,ETHUSDT,3018.62,0.9776195287704468,0.9747792492662197
2025-11-27 18:02:00+00:00,SOLUSDT,141.53,0.7486480474472046,0.5747710466384888
2025-11-27 18:02:00+00:00,AVAXUSDT,15.1,0.9438345889188275,0.9892034589838702
2025-11-27 18:02:00+00:00,XRPUSDT,2.2073,0.8574140100567066,0.9670171333444637
2025-11-27 18:03:00+00:00,BTCUSDT,91444.76,0.7609217166900635,0.7488118410110474
2025-11-27 18:03:00+00:00,ETHUSDT,3019.34,0.9486881494522095,0.968089474694294
2025-11-27 18:03:00+00:00,SOLUSDT,141.64,0.8032252556519349,0.6879762411117554
2025-11-27 18:03:00+00:00,AVAXUSDT,15.11,0.8608366852068353,0.9904847466806381
2025-11-27 18:03:00+00:00,XRPUSDT,2.2088,0.8070393579475809,0.962225615978241
2025-11-27 18:04:00+00:00,BTCUSDT,91449.99,0.7610466480255127,0.7461073398590088
2025-11-27 18:04:00+00:00,ETHUSDT,3019.28,0.9662601947784424,0.971206211628662
2025-11-27 18:04:00+00:00,SOLUSDT,141.68,0.8173204064369202,0.7824229001998901
2025-11-27 18:04:00+00:00,AVAXUSDT,15.11,0.8721252376253411,0.9914694091515086
2025-11-27 18:04:00+00:00,XRPUSDT,2.2095,0.8501956225497198,0.9614488173255389
2025-11-27 18:05:00+00:00,BTCUSDT,91415.28,0.7725723385810852,0.7869436968991363
2025-11-27 18:05:00+00:00,ETHUSDT,3017.81,0.9653821587562561,0.9751702626434963
2025-11-27 18:05:00+00:00,SOLUSDT,141.61,0.7421641890326742,0.7515961527824402
2025-11-27 18:05:00+00:00,AVAXUSDT,15.1,0.9516090921023028,0.9968838410011829
2025-11-27 18:05:00+00:00,XRPUSDT,2.2078,0.9048819793825738,0.9655098036001404
2025-11-27 18:06:00+00:00,BTCUSDT,91406.45,0.734049916267395,0.8611347802484077
2025-11-27 18:06:00+00:00,ETHUSDT,3016.94,0.9613451957702637,0.9713099935025161
2025-11-27 18:06:00+00:00,SOLUSDT,141.79,0.802960741570029,0.5596932768821716
2025-11-27 18:06:00+00:00,AVAXUSDT,15.1,0.9560904717170461,0.996713270035116
2025-11-27 18:06:00+00:00,XRPUSDT,2.207,0.8814256532957465,0.9686519888384706
2025-11-27 18:07:00+00:00,BTCUSDT,91475.34,0.6274657845497131,0.6253215670585632
2025-11-27 18:07:00+00:00,ETHUSDT,3022.18,0.9502468109130859,0.9446373471866193
2025-11-27 18:07:00+00:00,SOLUSDT,141.99,0.8153146505355835,0.5424174666404724
2025-11-27 18:07:00+00:00,AVAXUSDT,15.1,0.9590198033708324,0.9970166141666518
2025-11-27 18:07:00+00:00,XRPUSDT,2.2097,0.8866914069669801,0.9540717552443516
2025-11-27 18:08:00+00:00,BTCUSDT,91441.23,0.7132833003997803,0.8088997006416321
2025-11-27 18:08:00+00:00,ETHUSDT,3020.09,0.9482530951499939,0.9570866849076421
2025-11-27 18:08:00+00:00,SOLUSDT,141.93,0.7977002859115601,0.509164035320282
2025-11-27 18:08:00+00:00,AVAXUSDT,15.1,0.960904248680619,0.9970209220826778
2025-11-27 18:08:00+00:00,XRPUSDT,2.2085,0.8968039154423615,0.9643860813859682
2025-11-27 18:09:00+00:00,BTCUSDT,91487.98,0.6823542714118958,0.5848809466376904
2025-11-27 18:09:00+00:00,ETHUSDT,3022.49,0.9439680576324463,0.9451993563555834
2025-11-27 18:09:00+00:00,SOLUSDT,141.98,0.8654700517654419,0.5603204965591431
2025-11-27 18:09:00+00:00,AVAXUSDT,15.09,0.9661232829093933,0.9975600602504143
2025-11-27 18:09:00+00:00,XRPUSDT,2.2102,0.8912353192590626,0.9521642479405685
2025-11-27 18:10:00+00:00,BTCUSDT,91476.26,0.7514310479164124,0.6793254613876343
2025-11-27 18:10:00+00:00,ETHUSDT,3020.91,0.9206832051277161,0.9604422486351012
2025-11-27 18:10:00+00:00,SOLUSDT,141.91,0.8414876363449328,0.5720556378364563
2025-11-27 18:10:00+00:00,AVAXUSDT,15.1,0.9714679313006054,0.9916717052056669
2025-11-27 18:10:00+00:00,XRPUSDT,2.2077,0.8995007681854283,0.9659825260593258
2025-11-27 18:11:00+00:00,BTCUSDT,91499.99,0.6672787666320801,0.5742541531751192
2025-11-27 18:11:00+00:00,ETHUSDT,3023.04,0.939805269241333,0.9431912581599969
2025-11-27 18:11:00+00:00,SOLUSDT,141.97,0.827154630792497,0.5399386882781982
2025-11-27 18:11:00+00:00,AVAXUSDT,15.11,0.9410106483240751,0.9837313080451701
2025-11-27 18:11:00+00:00,XRPUSDT,2.2077,0.9042997804697935,0.9653701324223711
2025-11-27 18:12:00+00:00,BTCUSDT,91446.46,0.778907060623169,0.7865501642227173
2025-11-27 18:12:00+00:00,ETHUSDT,3022.07,0.9438266158103943,0.9365612513371341
2025-11-27 18:12:00+00:00,SOLUSDT,141.86,0.8566997812024089,0.440746009349823
2025-11-27 18:12:00+00:00,AVAXUSDT,15.1,0.9542589741367793,0.994073432619529
2025-11-27 18:12:00+00:00,XRPUSDT,2.2064,0.898330361594463,0.9778476483445887
2025-11-27 18:13:00+00:00,BTCUSDT,91413.08,0.7774894833564758,0.8862165447141992
2025-11-27 18:13:00+00:00,ETHUSDT,3020.51,0.9314954280853271,0.9475179559475025
2025-11-27 18:13:00+00:00,SOLUSDT,141.85,0.8300642967224121,0.44708675146102905
2025-11-27 18:13:00+00:00,AVAXUSDT,15.11,0.9385153766117157,0.9831675885584704
2025-11-27 18:13:00+00:00,XRPUSDT,2.207,0.9012672475137283,0.9802444482609753
2025-11-27 18:14:00+00:00,BTCUSDT,91414.46,0.8207021355628967,0.8935572405149578
2025-11-27 18:14:00+00:00,ETHUSDT,3020.74,0.946851909160614,0.9487927159744236
2025-11-27 18:14:00+00:00,SOLUSDT,141.86,0.8768262267112732,0.5213671922683716
2025-11-27 18:14:00+00:00,AVAXUSDT,15.11,0.9138873611460496,0.9817825151825365
2025-11-27 18:14:00+00:00,XRPUSDT,2.2078,0.912792466063815,0.9620984792709351
2025-11-27 18:15:00+00:00,BTCUSDT,91423.69,0.8238174915313721,0.8443527221679688
2025-11-27 18:15:00+00:00,ETHUSDT,3022.1,0.9106143116950989,0.9409041198017865
2025-11-27 18:15:00+00:00,SOLUSDT,141.9,0.867088258266449,0.4699689745903015
2025-11-27 18:15:00+00:00,AVAXUSDT,15.1,0.9569683767336042,0.9975122136065511
2025-11-27 18:15:00+00:00,XRPUSDT,2.2092,0.8737616539001465,0.962164569273605
2025-11-27 18:16:00+00:00,BTCUSDT,91435.98,0.8168671131134033,0.8528201580047607
2025-11-27 18:16:00+00:00,ETHUSDT,3023.74,0.9290798306465149,0.9291667878803193
2025-11-27 18:16:00+00:00,SOLUSDT,141.99,0.8629351258277893,0.4644797444343567
2025-11-27 18:16:00+00:00,AVAXUSDT,15.09,0.9799664950282084,0.9980975564435118
2025-11-27 18:16:00+00:00,XRPUSDT,2.21,0.8370052576065063,0.9663500281021433
2025-11-27 18:17:00+00:00,BTCUSDT,91453.09,0.7841549515724182,0.8209053874015808
2025-11-27 18:17:00+00:00,ETHUSDT,3025.87,0.8967807292938232,0.9080160067091761
2025-11-27 18:17:00+00:00,SOLUSDT,142.28,0.8185926079750061,0.7610164284706116
2025-11-27 18:17:00+00:00,AVAXUSDT,15.11,0.9340502698296607,0.9869006350523098
2025-11-27 18:17:00+00:00,XRPUSDT,2.2121,0.745359904550587,0.9392001171628281
2025-11-27 18:18:00+00:00,BTCUSDT,91430.48,0.8145409822463989,0.8444779515266418
2025-11-27 18:18:00+00:00,ETHUSDT,3024.59,0.8956987261772156,0.906887196472337
2025-11-27 18:18:00+00:00,SOLUSDT,142.2,0.698753297328949,0.7294957637786865
2025-11-27 18:18:00+00:00,AVAXUSDT,15.09,0.9750687371679239,0.994807219437973
2025-11-27 18:18:00+00:00,XRPUSDT,2.211,0.7855951189994812,0.9427297790394766
2025-11-27 18:19:00+00:00,BTCUSDT,91469.28,0.8227274417877197,0.7658886313438416
2025-11-27 18:19:00+00:00,ETHUSDT,3026.28,0.883151113986969,0.8961677234072719
2025-11-27 18:19:00+00:00,SOLUSDT,142.14,0.8513830304145813,0.5694044232368469
2025-11-27 18:19:00+00:00,AVAXUSDT,15.1,0.9409118643125443,0.9848136959541494
2025-11-27 18:19:00+00:00,XRPUSDT,2.2109,0.8281487226486206,0.9351047289007663
2025-11-27 18:20:00+00:00,BTCUSDT,91454.35,0.7899101972579956,0.836175262928009
2025-11-27 18:20:00+00:00,ETHUSDT,3025.95,0.9274287819862366,0.8838547628819455
2025-11-27 18:20:00+00:00,SOLUSDT,142.13,0.9150136113166809,0.7402730584144592
2025-11-27 18:20:00+00:00,AVAXUSDT,15.1,0.9386732760803081,0.9929420719760331
2025-11-27 18:20:00+00:00,XRPUSDT,2.2117,0.7862287668619787,0.9367948170717926
2025-11-27 18:21:00+00:00,BTCUSDT,91463.78,0.8312960267066956,0.827316403388977
2025-11-27 18:21:00+00:00,ETHUSDT,3027.28,0.9073439240455627,0.9342538152355672
2025-11-27 18:21:00+00:00,SOLUSDT,142.14,0.9114426970481873,0.7767719626426697
2025-11-27 18:21:00+00:00,AVAXUSDT,15.11,0.7930632860885298,0.9906214997627404
2025-11-27 18:21:00+00:00,XRPUSDT,2.2124,0.752932007361553,0.9477175942921765
2025-11-27 18:22:00+00:00,BTCUSDT,91450.0,0.8221402168273926,0.8664405345916748
2025-11-27 18:22:00+00:00,ETHUSDT,3025.84,0.9421285390853882,0.9286488354212942
2025-11-27 18:22:00+00:00,SOLUSDT,142.02,0.9190025925636292,0.7755348682403564
2025-11-27 18:22:00+00:00,AVAXUSDT,15.1,0.9136446980068996,0.9927346702055815
2025-11-27 18:22:00+00:00,XRPUSDT,2.2107,0.8744832873344421,0.9628110367198884
2025-11-27 18:23:00+00:00,BTCUSDT,91356.35,0.8070788979530334,0.9008194208145142
2025-11-27 18:23:00+00:00,ETHUSDT,3022.54,0.9239016771316528,0.9616901707642308
2025-11-27 18:23:00+00:00,SOLUSDT,141.91,0.9259642958641052,0.7199211120605469
2025-11-27 18:23:00+00:00,AVAXUSDT,15.09,0.9017068327757385,0.9906688774195977
2025-11-27 18:23:00+00:00,XRPUSDT,2.2083,0.8600431832452586,0.9741624886644102
2025-11-27 18:24:00+00:00,BTCUSDT,91409.98,0.8448891043663025,0.8188785372898009
2025-11-27 18:24:00+00:00,ETHUSDT,3024.18,0.8837808966636658,0.9323458697465843
2025-11-27 18:24:00+00:00,SOLUSDT,141.94,0.9210199117660522,0.7496130466461182
2025-11-27 18:24:00+00:00,AVAXUSDT,15.1,0.9030185451788282,0.993208491845202
2025-11-27 18:24:00+00:00,XRPUSDT,2.2104,0.8753995299339294,0.9626891016960144
2025-11-27 18:25:00+00:00,BTCUSDT,91423.62,0.7868291139602661,0.8317142625007504
2025-11-27 18:25:00+00:00,ETHUSDT,3025.08,0.9019816517829895,0.9384058558968437
2025-11-27 18:25:00+00:00,SOLUSDT,142.06,0.8540494144789623,0.624108612537384
2025-11-27 18:25:00+00:00,AVAXUSDT,15.11,0.8233925015937922,0.9952147152588975
2025-11-27 18:25:00+00:00,XRPUSDT,2.211,0.8195441961288452,0.9663311839103699
2025-11-27 18:26:00+00:00,BTCUSDT,91491.43,0.8416844606399536,0.753509521484375
2025-11-27 18:26:00+00:00,ETHUSDT,3027.37,0.9279484152793884,0.9117897202336078
2025-11-27 18:26:00+00:00,SOLUSDT,142.22,0.7486333250999451,0.6334384083747864
2025-11-27 18:26:00+00:00,AVAXUSDT,15.11,0.8597450502894004,0.9940150036778498
2025-11-27 18:26:00+00:00,XRPUSDT,2.2137,0.7883182673890091,0.9344996787834862
2025-11-27 18:27:00+00:00,BTCUSDT,91468.0,0.8391891717910767,0.7802616953849792
2025-11-27 18:27:00+00:00,ETHUSDT,3023.88,0.8786228895187378,0.9334820273672566
2025-11-27 18:27:00+00:00,SOLUSDT,142.1,0.800242006778717,0.5787597894668579
2025-11-27 18:27:00+00:00,AVAXUSDT,15.11,0.9195645643757708,0.9929803645652446
2025-11-27 18:27:00+00:00,XRPUSDT,2.2124,0.7854425476632928,0.9408910366402436
2025-11-27 18:28:00+00:00,BTCUSDT,91441.44,0.8550739288330078,0.8246127113843286
2025-11-27 18:28:00+00:00,ETHUSDT,3021.88,0.9229937195777893,0.9466342515737045
2025-11-27 18:28:00+00:00,SOLUSDT,142.11,0.8263844847679138,0.5388997197151184
2025-11-27 18:28:00+00:00,AVAXUSDT,15.11,0.9260734471133324,0.9920138806291949
2025-11-27 18:28:00+00:00,XRPUSDT,2.2139,0.7354746590299643,0.9390773777167943
2025-11-27 18:29:00+00:00,BTCUSDT,91419.13,0.8414720296859741,0.81584632396698
2025-11-27 18:29:00+00:00,ETHUSDT,3022.29,0.9473165273666382,0.9559839199814774
2025-11-27 18:29:00+00:00,SOLUSDT,142.06,0.8962046504020691,0.6328763365745544
2025-11-27 18:29:00+00:00,AVAXUSDT,15.11,0.926054132723098,0.993037717866158
2025-11-27 18:29:00+00:00,XRPUSDT,2.213,0.7854264378547668,0.9384524058209801
2025-11-27 18:30:00+00:00,BTCUSDT,91423.71,0.8425748944282532,0.8542513251304626
2025-11-27 18:30:00+00:00,ETHUSDT,3022.98,0.9558200836181641,0.9350688086898952
2025-11-27 18:30:00+00:00,SOLUSDT,142.14,0.8437210321426392,0.6121038794517517
2025-11-27 18:30:00+00:00,AVAXUSDT,15.11,0.8666180611448424,0.9933249890719597
2025-11-27 18:30:00+00:00,XRPUSDT,2.2133,0.8541392087936401,0.9387764001088881
2025-11-27 18:31:00+00:00,BTCUSDT,91393.0,0.7869421243667603,0.8932645320892334
2025-11-27 18:31:00+00:00,ETHUSDT,3021.91,0.9475142359733582,0.9559706892622075
2025-11-27 18:31:00+00:00,SOLUSDT,142.1,0.9227899794098107,0.7380949854850769
2025-11-27 18:31:00+00:00,AVAXUSDT,15.1,0.9703118038901432,0.9976493804614754
2025-11-27 18:31:00+00:00,XRPUSDT,2.2128,0.8900336623191833,0.9540936350822449
2025-11-27 18:32:00+00:00,BTCUSDT,91413.95,0.7855254411697388,0.8741646409034729
2025-11-27 18:32:00+00:00,ETHUSDT,3021.92,0.9674521088600159,0.9533761718472427
2025-11-27 18:32:00+00:00,SOLUSDT,142.12,0.9337340593338013,0.8000885844230652
2025-11-27 18:32:00+00:00,AVAXUSDT,15.11,0.9511435431284438,0.9972268362994566
2025-11-27 18:32:00+00:00,XRPUSDT,2.2141,0.870690107345581,0.9282148097753781
2025-11-27 18:33:00+00:00,BTCUSDT,91398.06,0.6435841917991638,0.8991449475288391
2025-11-27 18:33:00+00:00,ETHUSDT,3021.44,0.9662971496582031,0.9556222779241982
2025-11-27 18:33:00+00:00,SOLUSDT,142.08,0.9485527873039246,0.8529171347618103
2025-11-27 18:33:00+00:00,AVAXUSDT,15.1,0.966919049475569,0.9969164519418856
2025-11-27 18:33:00+00:00,XRPUSDT,2.2132,0.9349786093013983,0.9544251561164856
2025-11-27 18:34:00+00:00,BTCUSDT,91400.27,0.7009627819061279,0.8806564211845398
2025-11-27 18:34:00+00:00,ETHUSDT,3022.63,0.9752627015113831,0.9570684775698578
2025-11-27 18:34:00+00:00,SOLUSDT,142.17,0.9402627944946289,0.8286457657814026
2025-11-27 18:34:00+00:00,AVAXUSDT,15.09,0.9776634822760352,0.9974555661163079
2025-11-27 18:34:00+00:00,XRPUSDT,2.2143,0.8906146661339756,0.932154764455613
2025-11-27 18:35:00+00:00,BTCUSDT,91420.01,0.7323318123817444,0.8837038278579712
2025-11-27 18:35:00+00:00,ETHUSDT,3023.14,0.972676694393158,0.9559926894815727
2025-11-27 18:35:00+00:00,SOLUSDT,142.27,0.869468629360199,0.8057849407196045
2025-11-27 18:35:00+00:00,AVAXUSDT,15.1,0.9680581414338335,0.9971180838082856
2025-11-27 18:35:00+00:00,XRPUSDT,2.2167,0.8242490887641907,0.9450458637960948
2025-11-27 18:36:00+00:00,BTCUSDT,91478.04,0.7710421085357666,0.8617775440216064
2025-11-27 18:36:00+00:00,ETHUSDT,3026.44,0.9821231961250305,0.9489170568457145
2025-11-27 18:36:00+00:00,SOLUSDT,142.38,0.8714115527464784,0.6985929608345032
2025-11-27 18:36:00+00:00,AVAXUSDT,15.11,0.9410638885314281,0.995436100625159
2025-11-27 18:36:00+00:00,XRPUSDT,2.2179,0.7909505367279053,0.8714235424995422
2025-11-27 18:37:00+00:00,BTCUSDT,91496.36,0.849739670753479,0.9325839617148362
2025-11-27 18:37:00+00:00,ETHUSDT,3026.88,0.9774543642997742,0.9380172145553836
2025-11-27 18:37:00+00:00,SOLUSDT,142.4,0.9112599716906294,0.8558115363121033
2025-11-27 18:37:00+00:00,AVAXUSDT,15.11,0.9169668555259705,0.9963643802453502
2025-11-27 18:37:00+00:00,XRPUSDT,2.2185,0.9280293676721613,0.8657063245773315
2025-11-27 18:38:00+00:00,BTCUSDT,91519.99,0.812297523021698,0.8931925296783447
2025-11-27 18:38:00+00:00,ETHUSDT,3026.99,0.9701724648475647,0.9477681060104077
2025-11-27 18:38:00+00:00,SOLUSDT,142.45,0.8848009157283057,0.8149352466502424
2025-11-27 18:38:00+00:00,AVAXUSDT,15.11,0.7458169460296631,0.9970396061292562
2025-11-27 18:38:00+00:00,XRPUSDT,2.2214,0.732595682144165,0.5293582677841187
2025-11-27 18:39:00+00:00,BTCUSDT,91595.96,0.6623601317405701,0.7610385728865947
2025-11-27 18:39:00+00:00,ETHUSDT,3028.67,0.9715879559516907,0.9196731969736971
2025-11-27 18:39:00+00:00,SOLUSDT,142.64,0.8263895283866489,0.800237303324908
2025-11-27 18:39:00+00:00,AVAXUSDT,15.11,0.7425724864006042,0.9971348732052757
2025-11-27 18:39:00+00:00,XRPUSDT,2.2233,0.7281650304794312,0.30847322940826416
2025-11-27 18:40:00+00:00,BTCUSDT,91693.73,0.5424423217773438,0.6480274195538277
2025-11-27 18:40:00+00:00,ETHUSDT,3033.41,0.9433592557907104,0.9408949710133719
2025-11-27 18:40:00+00:00,SOLUSDT,142.75,0.5357897534357792,0.5991334915161133
2025-11-27 18:40:00+00:00,AVAXUSDT,15.12,0.9126565456390381,0.9961949667797888
2025-11-27 18:40:00+00:00,XRPUSDT,2.2246,0.6841526627540588,0.13965296745300293
2025-11-27 18:41:00+00:00,BTCUSDT,91697.6,0.6573067307472229,0.6824391950811468
2025-11-27 18:41:00+00:00,ETHUSDT,3034.09,0.9257774949073792,0.9450612745642797
2025-11-27 18:41:00+00:00,SOLUSDT,142.77,0.5451847440881774,0.7321444817896654
2025-11-27 18:41:00+00:00,AVAXUSDT,15.13,0.913209184882758,0.9930960227255952
2025-11-27 18:41:00+00:00,XRPUSDT,2.2269,0.7353575229644775,0.10912315547466278
2025-11-27 18:42:00+00:00,BTCUSDT,91725.28,0.602160632610321,0.6206533959410052
2025-11-27 18:42:00+00:00,ETHUSDT,3034.58,0.9195241332054138,0.9497344764883863
2025-11-27 18:42:00+00:00,SOLUSDT,142.74,0.7473857250617829,0.6737534403800964
2025-11-27 18:42:00+00:00,AVAXUSDT,15.13,0.9123374304785058,0.9933335107525703
2025-11-27 18:42:00+00:00,XRPUSDT,2.2273,0.7419500350952148,0.12331598252058029
2025-11-27 18:43:00+00:00,BTCUSDT,91762.74,0.5623466372489929,0.5292080640792847
2025-11-27 18:43:00+00:00,ETHUSDT,3035.33,0.8483222126960754,0.9460397856811258
2025-11-27 18:43:00+00:00,SOLUSDT,142.84,0.4842797283878369,0.6016980409622192
2025-11-27 18:43:00+00:00,AVAXUSDT,15.12,0.9032443165779114,0.99563898502769
2025-11-27 18:43:00+00:00,XRPUSDT,2.2278,0.6106792092323303,0.15059010684490204
2025-11-27 18:44:00+00:00,BTCUSDT,91799.99,0.47703113984885925,0.1929129350846799
2025-11-27 18:44:00+00:00,ETHUSDT,3035.78,0.8396245241165161,0.9551358352654152
2025-11-27 18:44:00+00:00,SOLUSDT,142.88,0.3783272261952471,0.6122872829437256
2025-11-27 18:44:00+00:00,AVAXUSDT,15.11,0.9392890437549781,0.9970505891528578
2025-11-27 18:44:00+00:00,XRPUSDT,2.2293,0.6222496032714844,0.05763695761561394
2025-11-27 18:45:00+00:00,BTCUSDT,91769.55,0.5325695276260376,0.42755930333193665
2025-11-27 18:45:00+00:00,ETHUSDT,3034.65,0.903013288974762,0.9515409512803334
2025-11-27 18:45:00+00:00,SOLUSDT,142.81,0.5739077175772945,0.607689619064331
2025-11-27 18:45:00+00:00,AVAXUSDT,15.11,0.9301695410752616,0.9969908728225403
2025-11-27 18:45:00+00:00,XRPUSDT,2.2273,0.6626789569854736,0.2542307376861572
2025-11-27 18:46:00+00:00,BTCUSDT,91747.31,0.62425696849823,0.47924284745947987
2025-11-27 18:46:00+00:00,ETHUSDT,3035.07,0.9020523428916931,0.9561369182925372
2025-11-27 18:46:00+00:00,SOLUSDT,142.92,0.37835128644654814,0.5974321961402893
2025-11-27 18:46:00+00:00,AVAXUSDT,15.11,0.962998628616333,0.996845481374739
2025-11-27 18:46:00+00:00,XRPUSDT,2.2266,0.5382571816444397,0.281350314617157
2025-11-27 18:47:00+00:00,BTCUSDT,91690.65,0.7127076983451843,0.4794524908065796
2025-11-27 18:47:00+00:00,ETHUSDT,3032.03,0.8632331490516663,0.9672180882830288
2025-11-27 18:47:00+00:00,SOLUSDT,142.84,0.563496220016897,0.42931365966796875
2025-11-27 18:47:00+00:00,AVAXUSDT,15.12,0.9262986779212952,0.9968654755192126
2025-11-27 18:47:00+00:00,XRPUSDT,2.2253,0.6310550816724435,0.8845749375874126
2025-11-27 18:48:00+00:00,BTCUSDT,91742.63,0.5769613927123568,0.2979797041987769
2025-11-27 18:48:00+00:00,ETHUSDT,3034.51,0.8904581069946289,0.9634605108930039
2025-11-27 18:48:00+00:00,SOLUSDT,142.92,0.38613614134384944,0.32257482409477234
2025-11-27 18:48:00+00:00,AVAXUSDT,15.13,0.9492083936722937,0.9962837913501084
2025-11-27 18:48:00+00:00,XRPUSDT,2.2282,0.760470986366272,0.8584499585187212
2025-11-27 18:49:00+00:00,BTCUSDT,91748.08,0.6167807467440475,0.30420857667922974
2025-11-27 18:49:00+00:00,ETHUSDT,3034.6,0.8381980657577515,0.9637546846727132
2025-11-27 18:49:00+00:00,SOLUSDT,143.01,0.23628897075922936,0.3890171945095062
2025-11-27 18:49:00+00:00,AVAXUSDT,15.12,0.9398419767376417,0.995971237587098
2025-11-27 18:49:00+00:00,XRPUSDT,2.2291,0.6603448987007141,0.8155909651388338
2025-11-27 18:50:00+00:00,BTCUSDT,91782.72,0.4965375065803528,0.24987988387165402
2025-11-27 18:50:00+00:00,ETHUSDT,3035.99,0.8917045593261719,0.9580729842601023
2025-11-27 18:50:00+00:00,SOLUSDT,142.98,0.3879386364359963,0.4426009953022003
2025-11-27 18:50:00+00:00,AVAXUSDT,15.12,0.9477582028278606,0.9963161643143248
2025-11-27 18:50:00+00:00,XRPUSDT,2.2302,0.6097432374954224,0.6518830309229884
2025-11-27 18:51:00+00:00,BTCUSDT,91760.01,0.6564494087241288,0.3496955011052691
2025-11-27 18:51:00+00:00,ETHUSDT,3036.44,0.8694134950637817,0.9641697971276472
2025-11-27 18:51:00+00:00,SOLUSDT,142.94,0.395277912586346,0.390331506729126
2025-11-27 18:51:00+00:00,AVAXUSDT,15.13,0.9305826783088368,0.9977715524056135
2025-11-27 18:51:00+00:00,XRPUSDT,2.2294,0.5780541300773621,0.8467016466438793
2025-11-27 18:52:00+00:00,BTCUSDT,91745.29,0.5795595193611071,0.35986280090597234
2025-11-27 18:52:00+00:00,ETHUSDT,3037.0,0.8486623167991638,0.9624283767182534
2025-11-27 18:52:00+00:00,SOLUSDT,143.03,0.26185385217957924,0.429397314786911
2025-11-27 18:52:00+00:00,AVAXUSDT,15.14,0.9537892260968454,0.9975851035641049
2025-11-27 18:52:00+00:00,XRPUSDT,2.2278,0.6156030893325806,0.8569254345393172
2025-11-27 18:53:00+00:00,BTCUSDT,91789.68,0.5437312126159668,0.23670613765716553
2025-11-27 18:53:00+00:00,ETHUSDT,3037.5,0.8355939388275146,0.9683373554171452
2025-11-27 18:53:00+00:00,SOLUSDT,143.0,0.44445525391293905,0.45551660656929016
2025-11-27 18:53:00+00:00,AVAXUSDT,15.15,0.9705005884170532,0.9909977968241847
2025-11-27 18:53:00+00:00,XRPUSDT,2.2269,0.733735978603363,0.8270412138268676
2025-11-27 18:54:00+00:00,BTCUSDT,91789.35,0.5782518303114467,0.36762091517448425
2025-11-27 18:54:00+00:00,ETHUSDT,3035.81,0.9117178320884705,0.9654793363598548
2025-11-27 18:54:00+00:00,SOLUSDT,142.88,0.6313323254183901,0.5888963341712952
2025-11-27 18:54:00+00:00,AVAXUSDT,15.13,0.9579328894615173,0.9969266995929743
2025-11-27 18:54:00+00:00,XRPUSDT,2.2271,0.6393647193908691,0.5462210774421692
2025-11-27 18:55:00+00:00,BTCUSDT,91822.0,0.4602799428017722,0.19297607243061066
2025-11-27 18:55:00+00:00,ETHUSDT,3037.51,0.9280408620834351,0.9637537973658176
2025-11-27 18:55:00+00:00,SOLUSDT,142.98,0.5774382337322342,0.5574120879173279
2025-11-27 18:55:00+00:00,AVAXUSDT,15.15,0.9452943118856426,0.9934594897575678
2025-11-27 18:55:00+00:00,XRPUSDT,2.2294,0.5493689775466919,0.5339727401733398
2025-11-27 18:56:00+00:00,BTCUSDT,91813.37,0.44776922227054056,0.346417977218776
2025-11-27 18:56:00+00:00,ETHUSDT,3038.16,0.9165118932723999,0.9601395444648514
2025-11-27 18:56:00+00:00,SOLUSDT,142.99,0.6295051231801113,0.5996499061584473
2025-11-27 18:56:00+00:00,AVAXUSDT,15.14,0.9306595921516418,0.9967023952149046
2025-11-27 18:56:00+00:00,XRPUSDT,2.2295,0.52273029088974,0.2524103113981491
2025-11-27 18:57:00+00:00,BTCUSDT,91821.81,0.5444069253804285,0.4321889693535192
2025-11-27 18:57:00+00:00,ETHUSDT,3038.82,0.9347527623176575,0.9447086102052998
2025-11-27 18:57:00+00:00,SOLUSDT,143.0,0.6355632597502383,0.7011077404022217
2025-11-27 18:57:00+00:00,AVAXUSDT,15.15,0.9278690218925476,0.9934197376547633
2025-11-27 18:57:00+00:00,XRPUSDT,2.2299,0.5451290607452393,0.22118455171585083
2025-11-27 18:58:00+00:00,BTCUSDT,91792.09,0.6985164880752563,0.48188703645939074
2025-11-27 18:58:00+00:00,ETHUSDT,3037.76,0.9675335884094238,0.9584724461237129
2025-11-27 18:58:00+00:00,SOLUSDT,142.97,0.6386320062775893,0.6881666779518127
2025-11-27 18:58:00+00:00,AVAXUSDT,15.14,0.952104389667511,0.9980148515844574
2025-11-27 18:58:00+00:00,XRPUSDT,2.2288,0.5724740028381348,0.3144758343696594
2025-11-27 18:59:00+00:00,BTCUSDT,91792.0,0.6811798762642768,0.5755225145371794
2025-11-27 18:59:00+00:00,ETHUSDT,3036.88,0.9637743234634399,0.9589553311566765
2025-11-27 18:59:00+00:00,SOLUSDT,142.94,0.6322146032546289,0.7336491942405701
2025-11-27 18:59:00+00:00,AVAXUSDT,15.15,0.9526085257530212,0.991357959893013
2025-11-27 18:59:00+00:00,XRPUSDT,2.229,0.6534774899482727,0.25195232033729553
2025-11-27 19:00:00+00:00,BTCUSDT,91791.99,0.691900468313682,0.6318445065156914
2025-11-27 19:00:00+00:00,ETHUSDT,3037.89,0.9592104554176331,0.9575406748580648
2025-11-27 19:00:00+00:00,SOLUSDT,142.93,0.7347835069469448,0.7576289772987366
2025-11-27 19:00:00+00:00,AVAXUSDT,15.16,0.9565607038831576,0.9835525058366474
2025-11-27 19:00:00+00:00,XRPUSDT,2.2293,0.6593217253684998,0.22039955854415894
2025-11-27 19:01:00+00:00,BTCUSDT,91697.53,0.8887929320335388,0.7333403825759888
2025-11-27 19:01:00+00:00,ETHUSDT,3036.7,0.9488397836685181,0.9712935341488412
2025-11-27 19:01:00+00:00,SOLUSDT,142.87,0.824497437202661,0.7942646741867065
2025-11-27 19:01:00+00:00,AVAXUSDT,15.15,0.9634417975789265,0.9684461412932003
2025-11-27 19:01:00+00:00,XRPUSDT,2.2284,0.8205356001853943,0.2174934595823288
2025-11-27 19:02:00+00:00,BTCUSDT,91680.65,0.8551219701766968,0.7262752256252303
2025-11-27 19:02:00+00:00,ETHUSDT,3035.99,0.954533576965332,0.9770937451195271
2025-11-27 19:02:00+00:00,SOLUSDT,142.83,0.8838235675448184,0.8530941009521484
2025-11-27 19:02:00+00:00,AVAXUSDT,15.14,0.9435380428988998,0.992333066409637
2025-11-27 19:02:00+00:00,XRPUSDT,2.2309,0.6216227412223816,0.21743279695510864
2025-11-27 19:03:00+00:00,BTCUSDT,91630.4,0.8266506791114807,0.7500695807494205
2025-11-27 19:03:00+00:00,ETHUSDT,3034.77,0.9640623331069946,0.9802634063494772
2025-11-27 19:03:00+00:00,SOLUSDT,142.77,0.8741492629051208,0.8255094289779663
2025-11-27 19:03:00+00:00,AVAXUSDT,15.14,0.9406608496272943,0.9924417229337514
2025-11-27 19:03:00+00:00,XRPUSDT,2.2249,0.7202856540679932,0.29394295811653137
2025-11-27 19:04:00+00:00,BTCUSDT,91617.45,0.8468985557556152,0.8072561978639164
2025-11-27 19:04:00+00:00,ETHUSDT,3033.03,0.9800743460655212,0.9708261852910538
2025-11-27 19:04:00+00:00,SOLUSDT,142.71,0.9185000658035278,0.8108725547790527
2025-11-27 19:04:00+00:00,AVAXUSDT,15.14,0.9326909329600993,0.9916374829843966
2025-11-27 19:04:00+00:00,XRPUSDT,2.2239,0.8090598936051815,0.7543278336524963
2025-11-27 19:05:00+00:00,BTCUSDT,91623.99,0.8181537985801697,0.824516469993206
2025-11-27 19:05:00+00:00,ETHUSDT,3033.11,0.9788747429847717,0.9741065893771669
2025-11-27 19:05:00+00:00,SOLUSDT,142.73,0.9026651382446289,0.7933518067672516
2025-11-27 19:05:00+00:00,AVAXUSDT,15.13,0.9296858025484659,0.9922077172225593
2025-11-27 19:05:00+00:00,XRPUSDT,2.2238,0.7036596359352321,0.7668035648909469
2025-11-27 19:06:00+00:00,BTCUSDT,91615.15,0.7236121296882629,0.8296791774888924
2025-11-27 19:06:00+00:00,ETHUSDT,3033.39,0.9715577960014343,0.9734050440039301
2025-11-27 19:06:00+00:00,SOLUSDT,142.68,0.9422789605036435,0.8127936124801636
2025-11-27 19:06:00+00:00,AVAXUSDT,15.14,0.9324753840967811,0.9907206455612628
2025-11-27 19:06:00+00:00,XRPUSDT,2.2244,0.7940803170204163,0.5342820286750793
2025-11-27 19:07:00+00:00,BTCUSDT,91600.67,0.7280994653701782,0.8311849467630069
2025-11-27 19:07:00+00:00,ETHUSDT,3031.49,0.9770088791847229,0.9682122165086423
2025-11-27 19:07:00+00:00,SOLUSDT,142.58,0.9632430353227494,0.8408995866775513
2025-11-27 19:07:00+00:00,AVAXUSDT,15.13,0.9298697860399042,0.9938246018400296
2025-11-27 19:07:00+00:00,XRPUSDT,2.2243,0.8329702019691467,0.5915413498878479
2025-11-27 19:08:00+00:00,BTCUSDT,91564.68,0.802762508392334,0.8135344934685765
2025-11-27 19:08:00+00:00,ETHUSDT,3029.5,0.9569857716560364,0.9693804295336536
2025-11-27 19:08:00+00:00,SOLUSDT,142.47,0.9654340147972107,0.8320184350013733
2025-11-27 19:08:00+00:00,AVAXUSDT,15.12,0.9731656822481042,0.9978206057724365
2025-11-27 19:08:00+00:00,XRPUSDT,2.2228,0.913805043822764,0.8316705822944641
2025-11-27 19:09:00+00:00,BTCUSDT,91600.67,0.7977142333984375,0.8355691613636825
2025-11-27 19:09:00+00:00,ETHUSDT,3031.83,0.9805934429168701,0.9646055543186793
2025-11-27 19:09:00+00:00,SOLUSDT,142.51,0.9720777853049425,0.7911636233329773
2025-11-27 19:09:00+00:00,AVAXUSDT,15.12,0.9709975173532198,0.9978034758930169
2025-11-27 19:09:00+00:00,XRPUSDT,2.2229,0.9041306536061082,0.8735595345497131
2025-11-27 19:10:00+00:00,BTCUSDT,91651.37,0.8045930862426758,0.7655659366857118
2025-11-27 19:10:00+00:00,ETHUSDT,3034.26,0.9712687134742737,0.9498281544282179
2025-11-27 19:10:00+00:00,SOLUSDT,142.58,0.9690162539482117,0.7821386456489563
2025-11-27 19:10:00+00:00,AVAXUSDT,15.13,0.9048331513157518,0.9971308074432559
2025-11-27 19:10:00+00:00,XRPUSDT,2.2251,0.7852430939674377,0.6806625723838806
2025-11-27 19:11:00+00:00,BTCUSDT,91622.86,0.8279824256896973,0.8205568841228902
2025-11-27 19:11:00+00:00,ETHUSDT,3033.42,0.9811450839042664,0.9593982344498226
2025-11-27 19:11:00+00:00,SOLUSDT,142.53,0.9508823421241681,0.7888584733009338
2025-11-27 19:11:00+00:00,AVAXUSDT,15.13,0.859381377696991,0.9971083709461037
2025-11-27 19:11:00+00:00,XRPUSDT,2.2233,0.7426584362983704,0.9333075091442751
2025-11-27 19:12:00+00:00,BTCUSDT,91634.93,0.8221832513809204,0.8376451435576904
2025-11-27 19:12:00+00:00,ETHUSDT,3033.41,0.9752417206764221,0.960746562033717
2025-11-27 19:12:00+00:00,SOLUSDT,142.53,0.9447867847118842,0.838781476020813
2025-11-27 19:12:00+00:00,AVAXUSDT,15.13,0.9331600605543066,0.9965890038492308
2025-11-27 19:12:00+00:00,XRPUSDT,2.2221,0.8660190738063438,0.944578750532302
2025-11-27 19:13:00+00:00,BTCUSDT,91635.14,0.8215135335922241,0.8352528677863946
2025-11-27 19:13:00+00:00,ETHUSDT,3033.57,0.9748418927192688,0.9639923053516425
2025-11-27 19:13:00+00:00,SOLUSDT,142.51,0.9464825987815857,0.8507865071296692
2025-11-27 19:13:00+00:00,AVAXUSDT,15.13,0.9238491737799244,0.996843785950615
2025-11-27 19:13:00+00:00,XRPUSDT,2.2213,0.8838061690330505,0.9322559375113613
2025-11-27 19:14:00+00:00,BTCUSDT,91611.28,0.8093395829200745,0.8435286539351422
2025-11-27 19:14:00+00:00,ETHUSDT,3033.55,0.9815293550491333,0.9634457028520677
2025-11-27 19:14:00+00:00,SOLUSDT,142.49,0.9416310787200928,0.8566893339157104
2025-11-27 19:14:00+00:00,AVAXUSDT,15.13,0.8781975810298597,0.9974471971892356
2025-11-27 19:14:00+00:00,XRPUSDT,2.2207,0.8964477777481079,0.9187020542762
2025-11-27 19:15:00+00:00,BTCUSDT,91629.07,0.7611640095710754,0.8839396102554657
2025-11-27 19:15:00+00:00,ETHUSDT,3032.92,0.9830659627914429,0.9490390871693958
2025-11-27 19:15:00+00:00,SOLUSDT,142.52,0.9411293864250183,0.9213532209396362
2025-11-27 19:15:00+00:00,AVAXUSDT,15.13,0.9291951060295105,0.9972900292037679
2025-11-27 19:15:00+00:00,XRPUSDT,2.2196,0.8642958478239228,0.9235999662609911
2025-11-27 19:16:00+00:00,BTCUSDT,91660.83,0.7894513010978699,0.8168651750824325
2025-11-27 19:16:00+00:00,ETHUSDT,3033.76,0.9797437191009521,0.9449758912311672
2025-11-27 19:16:00+00:00,SOLUSDT,142.53,0.9356896877288818,0.9391453862190247
2025-11-27 19:16:00+00:00,AVAXUSDT,15.13,0.9469228982925415,0.9974101126216091
2025-11-27 19:16:00+00:00,XRPUSDT,2.2192,0.874079798215691,0.925044410002135
2025-11-27 19:17:00+00:00,BTCUSDT,91561.48,0.6572514176368713,0.8644486512370618
2025-11-27 19:17:00+00:00,ETHUSDT,3029.66,0.9595268964767456,0.9536262639768006
2025-11-27 19:17:00+00:00,SOLUSDT,142.3,0.9533910260048062,0.8048241138458252
2025-11-27 19:17:00+00:00,AVAXUSDT,15.11,0.9517158622645551,0.998361352776877
2025-11-27 19:17:00+00:00,XRPUSDT,2.216,0.8623250213223635,0.9709501624575205
2025-11-27 19:18:00+00:00,BTCUSDT,91584.27,0.8239722847938538,0.8775032162666321
2025-11-27 19:18:00+00:00,ETHUSDT,3030.63,0.9496021866798401,0.9594492395085075
2025-11-27 19:18:00+00:00,SOLUSDT,142.29,0.9230763407137059,0.7384796738624573
2025-11-27 19:18:00+00:00,AVAXUSDT,15.11,0.9621513693603866,0.998629699213519
2025-11-27 19:18:00+00:00,XRPUSDT,2.2189,0.910983383274367,0.9516002673506871
2025-11-27 19:19:00+00:00,BTCUSDT,91600.69,0.8276355862617493,0.8609060049057007
2025-11-27 19:19:00+00:00,ETHUSDT,3031.0,0.9538798332214355,0.9509807587475521
2025-11-27 19:19:00+00:00,SOLUSDT,142.32,0.9047420620918274,0.6272556185722351
2025-11-27 19:19:00+00:00,AVAXUSDT,15.12,0.9556799182317245,0.9972764533260752
2025-11-27 19:19:00+00:00,XRPUSDT,2.2189,0.8780780798363325,0.9518559325535485
2025-11-27 19:20:00+00:00,BTCUSDT,91602.27,0.7707229852676392,0.8578187823295593
2025-11-27 19:20:00+00:00,ETHUSDT,3031.18,0.9689087867736816,0.9643318134275579
2025-11-27 19:20:00+00:00,SOLUSDT,142.35,0.8304205250682822,0.657119631767273
2025-11-27 19:20:00+00:00,AVAXUSDT,15.12,0.9434942991082806,0.9980816035216697
2025-11-27 19:20:00+00:00,XRPUSDT,2.2198,0.853315887399209,0.9378487548948705
2025-11-27 19:21:00+00:00,BTCUSDT,91651.99,0.7709648609161377,0.8690375089645386
2025-11-27 19:21:00+00:00,ETHUSDT,3032.62,0.9579815864562988,0.9559654561683817
2025-11-27 19:21:00+00:00,SOLUSDT,142.48,0.8307933211326599,0.8019281625747681
2025-11-27 19:21:00+00:00,AVAXUSDT,15.12,0.9758730511565538,0.9974162303866675
2025-11-27 19:21:00+00:00,XRPUSDT,2.2221,0.8407106995582581,0.9526741152107978
2025-11-27 19:22:00+00:00,BTCUSDT,91646.32,0.7641059756278992,0.8814955949783325
2025-11-27 19:22:00+00:00,ETHUSDT,3032.62,0.9600423574447632,0.9627061413573782
2025-11-27 19:22:00+00:00,SOLUSDT,142.49,0.8561525940895081,0.8447633981704712
2025-11-27 19:22:00+00:00,AVAXUSDT,15.12,0.968814479749305,0.9975830923754178
2025-11-27 19:22:00+00:00,XRPUSDT,2.2235,0.8412560754051972,0.9460535634731609
2025-11-27 19:23:00+00:00,BTCUSDT,91570.8,0.7495198249816895,0.8912473320960999
2025-11-27 19:23:00+00:00,ETHUSDT,3030.59,0.9521142244338989,0.9675760692746141
2025-11-27 19:23:00+00:00,SOLUSDT,142.34,0.8824137449264526,0.6088389158248901
2025-11-27 19:23:00+00:00,AVAXUSDT,15.11,0.9815479522334095,0.9986158537457388
2025-11-27 19:23:00+00:00,XRPUSDT,2.2209,0.8282067658575849,0.9489658495524331
2025-11-27 19:24:00+00:00,BTCUSDT,91629.4,0.7842493653297424,0.8559430241584778
2025-11-27 19:24:00+00:00,ETHUSDT,3031.84,0.955641508102417,0.9738740725882241
2025-11-27 19:24:00+00:00,SOLUSDT,142.49,0.8650762438774109,0.7911680340766907
2025-11-27 19:24:00+00:00,AVAXUSDT,15.12,0.9775722826601049,0.9980869308342056
2025-11-27 19:24:00+00:00,XRPUSDT,2.222,0.8249267128098139,0.9496627896770915
2025-11-27 19:25:00+00:00,BTCUSDT,91600.67,0.785067081451416,0.8585734963417053
2025-11-27 19:25:00+00:00,ETHUSDT,3031.01,0.9405944347381592,0.9753967317264676
2025-11-27 19:25:00+00:00,SOLUSDT,142.47,0.9081174731254578,0.8402289152145386
2025-11-27 19:25:00+00:00,AVAXUSDT,15.11,0.9723484495737938,0.9989292447848198
2025-11-27 19:25:00+00:00,XRPUSDT,2.2216,0.8340728282928467,0.9528247885560507
2025-11-27 19:26:00+00:00,BTCUSDT,91620.84,0.7605602270577873,0.8408368229866028
2025-11-27 19:26:00+00:00,ETHUSDT,3030.47,0.9349998235702515,0.9726247815170979
2025-11-27 19:26:00+00:00,SOLUSDT,142.47,0.9120192527770996,0.7642996311187744
2025-11-27 19:26:00+00:00,AVAXUSDT,15.11,0.9671076565868518,0.998870383961685
2025-11-27 19:26:00+00:00,XRPUSDT,2.2218,0.8811780113477604,0.9576097581289267
2025-11-27 19:27:00+00:00,BTCUSDT,91600.68,0.7911784648895264,0.8524784445762634
2025-11-27 19:27:00+00:00,ETHUSDT,3030.16,0.9453734755516052,0.9713356162842036
2025-11-27 19:27:00+00:00,SOLUSDT,142.45,0.8757309317588806,0.7314761281013489
2025-11-27 19:27:00+00:00,AVAXUSDT,15.11,0.9771875512080758,0.9989795784778193
2025-11-27 19:27:00+00:00,XRPUSDT,2.2202,0.7814852268659321,0.9615009683862115
2025-11-27 19:28:00+00:00,BTCUSDT,91619.45,0.825350284576416,0.8502838611602783
2025-11-27 19:28:00+00:00,ETHUSDT,3030.83,0.9509727954864502,0.9734157661876629
2025-11-27 19:28:00+00:00,SOLUSDT,142.46,0.8724523782730103,0.7445566654205322
2025-11-27 19:28:00+00:00,AVAXUSDT,15.11,0.9761609394624943,0.9991380124158006
2025-11-27 19:28:00+00:00,XRPUSDT,2.222,0.7988018279701219,0.9600322862352033
2025-11-27 19:29:00+00:00,BTCUSDT,91611.06,0.8202534317970276,0.8616722822189331
2025-11-27 19:29:00+00:00,ETHUSDT,3030.32,0.9417605996131897,0.9682772514526343
2025-11-27 19:29:00+00:00,SOLUSDT,142.47,0.8788847923278809,0.8066033124923706
2025-11-27 19:29:00+00:00,AVAXUSDT,15.11,0.9736950347115373,0.9992108550815568
2025-11-27 19:29:00+00:00,XRPUSDT,2.2206,0.8375949263572693,0.9565320044309236
2025-11-27 19:30:00+00:00,BTCUSDT,91620.13,0.7993425726890564,0.8860119581222534
2025-11-27 19:30:00+00:00,ETHUSDT,3030.49,0.9629291296005249,0.9685684538960978
2025-11-27 19:30:00+00:00,SOLUSDT,142.51,0.9230706691741943,0.8137953877449036
2025-11-27 19:30:00+00:00,AVAXUSDT,15.11,0.9741194652828989,0.9995729534837663
2025-11-27 19:30:00+00:00,XRPUSDT,2.222,0.8413810729980469,0.9576303475540864
2025-11-27 19:31:00+00:00,BTCUSDT,91578.0,0.7725860476493835,0.9024724960327148
2025-11-27 19:31:00+00:00,ETHUSDT,3030.3,0.9697204232215881,0.972604960466163
2025-11-27 19:31:00+00:00,SOLUSDT,142.51,0.9200882315635681,0.8690704107284546
2025-11-27 19:31:00+00:00,AVAXUSDT,15.11,0.9763595402112911,0.999734384835864
2025-11-27 19:31:00+00:00,XRPUSDT,2.2204,0.8268706798553467,0.9679787938671655
2025-11-27 19:32:00+00:00,BTCUSDT,91625.54,0.8253458738327026,0.877246081829071
2025-11-27 19:32:00+00:00,ETHUSDT,3031.97,0.9730528593063354,0.972612507760041
2025-11-27 19:32:00+00:00,SOLUSDT,142.56,0.9320204257965088,0.8639765381813049
2025-11-27 19:32:00+00:00,AVAXUSDT,15.1,0.9866012168058795,0.999733887615764
2025-11-27 19:32:00+00:00,XRPUSDT,2.2211,0.9023605471170981,0.9634967293173804
2025-11-27 19:33:00+00:00,BTCUSDT,91600.67,0.7720115184783936,0.8817536234855652
2025-11-27 19:33:00+00:00,ETHUSDT,3031.52,0.9712103605270386,0.9731213720572367
2025-11-27 19:33:00+00:00,SOLUSDT,142.53,0.9405866861343384,0.8668801188468933
2025-11-27 19:33:00+00:00,AVAXUSDT,15.1,0.9880871155913178,0.9996597678566579
2025-11-27 19:33:00+00:00,XRPUSDT,2.2214,0.8012611269950867,0.9613606513142476
2025-11-27 19:34:00+00:00,BTCUSDT,91522.8,0.762291669845581,0.8551166363114208
2025-11-27 19:34:00+00:00,ETHUSDT,3028.3,0.9213119745254517,0.9669703276979483
2025-11-27 19:34:00+00:00,SOLUSDT,142.37,0.9059075713157654,0.6423930525779724
2025-11-27 19:34:00+00:00,AVAXUSDT,15.06,0.9846066644751433,0.9993618053249035
2025-11-27 19:34:00+00:00,XRPUSDT,2.2201,0.868559718132019,0.9654993785518484
2025-11-27 19:35:00+00:00,BTCUSDT,91526.94,0.7754791378974915,0.8987183393128231
2025-11-27 19:35:00+00:00,ETHUSDT,3028.45,0.9052075147628784,0.9675627084944133
2025-11-27 19:35:00+00:00,SOLUSDT,142.44,0.8934095501899719,0.7723730802536011
2025-11-27 19:35:00+00:00,AVAXUSDT,15.04,0.9781594057017345,0.9990511548206149
2025-11-27 19:35:00+00:00,XRPUSDT,2.2193,0.7802690863609314,0.9618586850009374
2025-11-27 19:36:00+00:00,BTCUSDT,91524.22,0.8100605607032776,0.9046544432640076
2025-11-27 19:36:00+00:00,ETHUSDT,3027.98,0.8706244826316833,0.9680462700040757
2025-11-27 19:36:00+00:00,SOLUSDT,142.37,0.9094831943511963,0.680717945098877
2025-11-27 19:36:00+00:00,AVAXUSDT,15.04,0.9504508916198526,0.9994311837621789
2025-11-27 19:36:00+00:00,XRPUSDT,2.2184,0.7564443973291536,0.9750045433975587
2025-11-27 19:37:00+00:00,BTCUSDT,91575.63,0.7440061569213867,0.8921917676925659
2025-11-27 19:37:00+00:00,ETHUSDT,3029.47,0.9092216491699219,0.971593889849223
2025-11-27 19:37:00+00:00,SOLUSDT,142.49,0.8844935894012451,0.778780460357666
2025-11-27 19:37:00+00:00,AVAXUSDT,15.05,0.9295591711997986,0.9979445222451224
2025-11-27 19:37:00+00:00,XRPUSDT,2.2218,0.8449007272720337,0.9529510736465454
2025-11-27 19:38:00+00:00,BTCUSDT,91560.72,0.687147319316864,0.92950040102005
2025-11-27 19:38:00+00:00,ETHUSDT,3029.02,0.8706135749816895,0.9688831842705901
2025-11-27 19:38:00+00:00,SOLUSDT,142.47,0.9004052877426147,0.8512240648269653
2025-11-27 19:38:00+00:00,AVAXUSDT,15.05,0.9124225544392719,0.9988506337653804
2025-11-27 19:38:00+00:00,XRPUSDT,2.2196,0.8029809292595949,0.9589326715184964
2025-11-27 19:39:00+00:00,BTCUSDT,91595.27,0.7884141206741333,0.8860251307487488
2025-11-27 19:39:00+00:00,ETHUSDT,3030.36,0.93619304895401,0.9700810836546434
2025-11-27 19:39:00+00:00,SOLUSDT,142.51,0.9448614120483398,0.8947681784629822
2025-11-27 19:39:00+00:00,AVAXUSDT,15.05,0.9351512068415738,0.998517486615356
2025-11-27 19:39:00+00:00,XRPUSDT,2.2207,0.8492894172668457,0.9565516613873525
2025-11-27 19:40:00+00:00,BTCUSDT,91630.42,0.6998336315155029,0.8820738792419434
2025-11-27 19:40:00+00:00,ETHUSDT,3032.77,0.9201056957244873,0.9656178380655108
2025-11-27 19:40:00+00:00,SOLUSDT,142.59,0.9186688661575317,0.9010466933250427
2025-11-27 19:40:00+00:00,AVAXUSDT,15.05,0.9313436935412079,0.9980391961344115
2025-11-27 19:40:00+00:00,XRPUSDT,2.2217,0.8614230155944824,0.9460132718086243
2025-11-27 19:41:00+00:00,BTCUSDT,91645.99,0.7634698748588562,0.8962368965148926
2025-11-27 19:41:00+00:00,ETHUSDT,3033.79,0.9509069323539734,0.9481761282880932
2025-11-27 19:41:00+00:00,SOLUSDT,142.67,0.941582977771759,0.8902409672737122
2025-11-27 19:41:00+00:00,AVAXUSDT,15.06,0.8966656923294067,0.9954415172015358
2025-11-27 19:41:00+00:00,XRPUSDT,2.2221,0.8440163731575012,0.9522099494934082
2025-11-27 19:42:00+00:00,BTCUSDT,91699.17,0.7892889380455017,0.91845703125
2025-11-27 19:42:00+00:00,ETHUSDT,3035.72,0.9404702186584473,0.9360930318159322
2025-11-27 19:42:00+00:00,SOLUSDT,142.77,0.8745124936103821,0.861581563949585
2025-11-27 19:42:00+00:00,AVAXUSDT,15.07,0.8912077597928643,0.9958560825874001
2025-11-27 19:42:00+00:00,XRPUSDT,2.2226,0.8639577627182007,0.9556629477602347
2025-11-27 19:43:00+00:00,BTCUSDT,91700.95,0.7699663639068604,0.9104074239730835
2025-11-27 19:43:00+00:00,ETHUSDT,3036.65,0.9492807388305664,0.9249605084876499
2025-11-27 19:43:00+00:00,SOLUSDT,142.84,0.894448767416637,0.8388293385505676
2025-11-27 19:43:00+00:00,AVAXUSDT,15.07,0.8918448334900672,0.9945615204441347
2025-11-27 19:43:00+00:00,XRPUSDT,2.2242,0.8589096665382385,0.9594160370798208
2025-11-27 19:44:00+00:00,BTCUSDT,91691.09,0.7783902287483215,0.895189642906189
2025-11-27 19:44:00+00:00,ETHUSDT,3035.4,0.9536528587341309,0.9236795628838596
2025-11-27 19:44:00+00:00,SOLUSDT,142.82,0.8906011581420898,0.9142605066299438
2025-11-27 19:44:00+00:00,AVAXUSDT,15.06,0.9232650399208069,0.9932053353021045
2025-11-27 19:44:00+00:00,XRPUSDT,2.2234,0.9148827791213989,0.9562232945617991
2025-11-27 19:45:00+00:00,BTCUSDT,91712.8,0.7429624199867249,0.917137086391449
2025-11-27 19:45:00+00:00,ETHUSDT,3035.87,0.9450681209564209,0.9249303651641163
2025-11-27 19:45:00+00:00,SOLUSDT,142.87,0.8859065175056458,0.9078296422958374
2025-11-27 19:45:00+00:00,AVAXUSDT,15.07,0.8858944737003485,0.9947774599075787
2025-11-27 19:45:00+00:00,XRPUSDT,2.2245,0.8486722111701965,0.9534363255140625
2025-11-27 19:46:00+00:00,BTCUSDT,91627.35,0.7700740694999695,0.8676530718803406
2025-11-27 19:46:00+00:00,ETHUSDT,3033.25,0.9222367405891418,0.9486087374274929
2025-11-27 19:46:00+00:00,SOLUSDT,142.77,0.964678943157196,0.919457197189331
2025-11-27 19:46:00+00:00,AVAXUSDT,15.05,0.9023211815566275,0.9951816912993716
2025-11-27 19:46:00+00:00,XRPUSDT,2.2238,0.8815807700157166,0.9538648303899812
2025-11-27 19:47:00+00:00,BTCUSDT,91638.16,0.7683699131011963,0.8858122825622559
2025-11-27 19:47:00+00:00,ETHUSDT,3032.22,0.9255509376525879,0.9505507515216454
2025-11-27 19:47:00+00:00,SOLUSDT,142.67,0.9701964855194092,0.9136654138565063
2025-11-27 19:47:00+00:00,AVAXUSDT,15.04,0.8651743836613235,0.9962853902490283
2025-11-27 19:47:00+00:00,XRPUSDT,2.2227,0.8717691261318645,0.9505525766410567
2025-11-27 19:48:00+00:00,BTCUSDT,91609.14,0.8329050540924072,0.9174877405166626
2025-11-27 19:48:00+00:00,ETHUSDT,3031.84,0.9311081767082214,0.9482388694334537
2025-11-27 19:48:00+00:00,SOLUSDT,142.64,0.956849992275238,0.9481446146965027
2025-11-27 19:48:00+00:00,AVAXUSDT,15.05,0.895396523239638,0.99693889510454
2025-11-27 19:48:00+00:00,XRPUSDT,2.221,0.9207369842985065,0.9661106406140546
2025-11-27 19:49:00+00:00,BTCUSDT,91613.68,0.7849587798118591,0.8879243731498718
2025-11-27 19:49:00+00:00,ETHUSDT,3032.18,0.9182955622673035,0.9454532249647458
2025-11-27 19:49:00+00:00,SOLUSDT,142.69,0.960397481918335,0.932651698589325
2025-11-27 19:49:00+00:00,AVAXUSDT,15.03,0.8523182272911072,0.9959230717726163
2025-11-27 19:49:00+00:00,XRPUSDT,2.2231,0.8683159109641329,0.9555094838142395
2025-11-27 19:50:00+00:00,BTCUSDT,91611.69,0.8368456959724426,0.905702531337738
2025-11-27 19:50:00+00:00,ETHUSDT,3030.99,0.9213292598724365,0.9496582839822447
2025-11-27 19:50:00+00:00,SOLUSDT,142.72,0.9712893962860107,0.9151830673217773
2025-11-27 19:50:00+00:00,AVAXUSDT,15.03,0.8626666046048844,0.9940851567130911
2025-11-27 19:50:00+00:00,XRPUSDT,2.2231,0.8543092168685845,0.958275318145752
2025-11-27 19:51:00+00:00,BTCUSDT,91600.68,0.8214182257652283,0.9043678045272827
2025-11-27 19:51:00+00:00,ETHUSDT,3030.49,0.9269798994064331,0.9538002248981126
2025-11-27 19:51:00+00:00,SOLUSDT,142.67,0.980258584022522,0.9576075077056885
2025-11-27 19:51:00+00:00,AVAXUSDT,15.03,0.8731264677817013,0.997141482177827
2025-11-27 19:51:00+00:00,XRPUSDT,2.2243,0.9319289922714233,0.9541783928871155
2025-11-27 19:52:00+00:00,BTCUSDT,91544.01,0.7799842357635498,0.9073548316955566
2025-11-27 19:52:00+00:00,ETHUSDT,3028.45,0.9098711609840393,0.950718542459868
2025-11-27 19:52:00+00:00,SOLUSDT,142.62,0.9702280163764954,0.935976505279541
2025-11-27 19:52:00+00:00,AVAXUSDT,15.02,0.8486810606151836,0.9946638767750924
2025-11-27 19:52:00+00:00,XRPUSDT,2.2239,0.9050952196121216,0.9526317401165046
2025-11-27 19:53:00+00:00,BTCUSDT,91523.76,0.7669098973274231,0.9325441122055054
2025-11-27 19:53:00+00:00,ETHUSDT,3028.77,0.8966326471463673,0.9491694740789045
2025-11-27 19:53:00+00:00,SOLUSDT,142.58,0.960412323474884,0.9205256104469299
2025-11-27 19:53:00+00:00,AVAXUSDT,15.02,0.8827825978550669,0.9952915459069774
2025-11-27 19:53:00+00:00,XRPUSDT,2.224,0.9298760294914246,0.9548517442393158
2025-11-27 19:54:00+00:00,BTCUSDT,91558.71,0.7796064019203186,0.9223753213882446
2025-11-27 19:54:00+00:00,ETHUSDT,3031.69,0.9553499817848206,0.9549755187382318
2025-11-27 19:54:00+00:00,SOLUSDT,142.77,0.9177657961845398,0.8844971656799316
2025-11-27 19:54:00+00:00,AVAXUSDT,15.01,0.7953519005968118,0.9951115084017789
2025-11-27 19:54:00+00:00,XRPUSDT,2.225,0.9100511460989696,0.9582147169153256
2025-11-27 19:55:00+00:00,BTCUSDT,91543.97,0.7431386113166809,0.9296514389532189
2025-11-27 19:55:00+00:00,ETHUSDT,3031.46,0.9512664079666138,0.9478510665515298
2025-11-27 19:55:00+00:00,SOLUSDT,142.74,0.9334527850151062,0.9204813838005066
2025-11-27 19:55:00+00:00,AVAXUSDT,15.02,0.806041736761746,0.9933935684758172
2025-11-27 19:55:00+00:00,XRPUSDT,2.2249,0.8577987028255023,0.9557705521583557
2025-11-27 19:56:00+00:00,BTCUSDT,91544.77,0.8665435910224915,0.9438806485648117
2025-11-27 19:56:00+00:00,ETHUSDT,3031.84,0.9419102072715759,0.9593611937378784
2025-11-27 19:56:00+00:00,SOLUSDT,142.76,0.9580193161964417,0.9075426459312439
2025-11-27 19:56:00+00:00,AVAXUSDT,15.02,0.8433214358974095,0.994130171799877
2025-11-27 19:56:00+00:00,XRPUSDT,2.2243,0.8973366618156433,0.9583312752480747
2025-11-27 19:57:00+00:00,BTCUSDT,91543.18,0.8509303331375122,0.9472946536255679
2025-11-27 19:57:00+00:00,ETHUSDT,3031.31,0.9248034358024597,0.9609409685596696
2025-11-27 19:57:00+00:00,SOLUSDT,142.76,0.9674317836761475,0.9475939869880676
2025-11-27 19:57:00+00:00,AVAXUSDT,15.03,0.8887731309001934,0.9962105378522608
2025-11-27 19:57:00+00:00,XRPUSDT,2.2244,0.8721135383669899,0.9580572843551636
2025-11-27 19:58:00+00:00,BTCUSDT,91534.69,0.8432604074478149,0.9511985450273662
2025-11-27 19:58:00+00:00,ETHUSDT,3031.29,0.93785560131073,0.9627288341400319
2025-11-27 19:58:00+00:00,SOLUSDT,142.67,0.9746471643447876,0.9276697039604187
2025-11-27 19:58:00+00:00,AVAXUSDT,15.02,0.9253582626801141,0.995468030685098
2025-11-27 19:58:00+00:00,XRPUSDT,2.224,0.8669750690460205,0.9554176330566406
2025-11-27 19:59:00+00:00,BTCUSDT,91516.13,0.8753244280815125,0.956064192120902
2025-11-27 19:59:00+00:00,ETHUSDT,3030.5,0.8910870092053667,0.9674180510154207
2025-11-27 19:59:00+00:00,SOLUSDT,142.66,0.9695451259613037,0.9300433397293091
2025-11-27 19:59:00+00:00,AVAXUSDT,15.03,0.9334736856204808,0.9960995087477379
2025-11-27 19:59:00+00:00,XRPUSDT,2.2234,0.8557950854301453,0.9547206163406372
2025-11-27 20:00:00+00:00,BTCUSDT,91528.22,0.6856025457382202,0.9766533063362369
2025-11-27 20:00:00+00:00,ETHUSDT,3032.01,0.9303885102272034,0.9768949777717606
2025-11-27 20:00:00+00:00,SOLUSDT,142.73,0.9802548289299011,0.9391701817512512
2025-11-27 20:00:00+00:00,AVAXUSDT,15.04,0.9517913342979109,0.9967409573176859
2025-11-27 20:00:00+00:00,XRPUSDT,2.2239,0.8245280385017395,0.9556910991668701
2025-11-27 20:01:00+00:00,BTCUSDT,91465.56,0.9114611148834229,0.9863615354164726
2025-11-27 20:01:00+00:00,ETHUSDT,3030.57,0.9059607982635498,0.9715831813094544
2025-11-27 20:01:00+00:00,SOLUSDT,142.64,0.9832742810249329,0.9230529069900513
2025-11-27 20:01:00+00:00,AVAXUSDT,15.03,0.9458747256534087,0.9961097995469752
2025-11-27 20:01:00+00:00,XRPUSDT,2.2233,0.8573179244995117,0.957841157913208
2025-11-27 20:02:00+00:00,BTCUSDT,91498.05,0.8829065561294556,0.9770080441386784
2025-11-27 20:02:00+00:00,ETHUSDT,3032.41,0.9415106177330017,0.9602294626152592
2025-11-27 20:02:00+00:00,SOLUSDT,142.74,0.964424729347229,0.8920798897743225
2025-11-27 20:02:00+00:00,AVAXUSDT,15.02,0.9311325767827374,0.9954360815718544
2025-11-27 20:02:00+00:00,XRPUSDT,2.2248,0.8499279922129923,0.9525917768478394
2025-11-27 20:03:00+00:00,BTCUSDT,91542.0,0.8738602995872498,0.9643524935689007
2025-11-27 20:03:00+00:00,ETHUSDT,3034.52,0.9284811615943909,0.9470733199501404
2025-11-27 20:03:00+00:00,SOLUSDT,142.82,0.9706206321716309,0.9329689145088196
2025-11-27 20:03:00+00:00,AVAXUSDT,15.03,0.9565234525541327,0.9984923896080184
2025-11-27 20:03:00+00:00,XRPUSDT,2.2266,0.7703121845820041,0.9073627591133118
2025-11-27 20:04:00+00:00,BTCUSDT,91523.03,0.8371794819831848,0.9699666129439095
2025-11-27 20:04:00+00:00,ETHUSDT,3034.19,0.9505658745765686,0.9408021204271806
2025-11-27 20:04:00+00:00,SOLUSDT,142.81,0.9800558686256409,0.9308807849884033
2025-11-27 20:04:00+00:00,AVAXUSDT,15.04,0.9483251672511407,0.9983665387729366
2025-11-27 20:04:00+00:00,XRPUSDT,2.2266,0.7084311695161917,0.8870744705200195
2025-11-27 20:05:00+00:00,BTCUSDT,91461.55,0.9256241917610168,0.9878402751502381
2025-11-27 20:05:00+00:00,ETHUSDT,3031.52,0.949194610118866,0.9525999121901904
2025-11-27 20:05:00+00:00,SOLUSDT,142.64,0.9766424894332886,0.8964816331863403
2025-11-27 20:05:00+00:00,AVAXUSDT,15.03,0.945894257447299,0.9981134795225125
2025-11-27 20:05:00+00:00,XRPUSDT,2.2264,0.8275003137283322,0.8663740754127502
2025-11-27 20:06:00+00:00,BTCUSDT,91503.6,0.8878612518310547,0.9444121739776812
2025-11-27 20:06:00+00:00,ETHUSDT,3034.2,0.9416182637214661,0.936640674805723
2025-11-27 20:06:00+00:00,SOLUSDT,142.77,0.9543503522872925,0.9039997458457947
2025-11-27 20:06:00+00:00,AVAXUSDT,15.03,0.9458355211445144,0.9981647901473978
2025-11-27 20:06:00+00:00,XRPUSDT,2.2289,0.6364607810974121,0.7052475810050964
2025-11-27 20:07:00+00:00,BTCUSDT,91485.64,0.9058178663253784,0.9765522633936206
2025-11-27 20:07:00+00:00,ETHUSDT,3033.4,0.9424671530723572,0.9396605405325719
2025-11-27 20:07:00+00:00,SOLUSDT,142.71,0.9628713130950928,0.9061706066131592
2025-11-27 20:07:00+00:00,AVAXUSDT,15.03,0.9494807179362664,0.9984619167888951
2025-11-27 20:07:00+00:00,XRPUSDT,2.2288,0.5435843467712402,0.7874385714530945
2025-11-27 20:08:00+00:00,BTCUSDT,91516.39,0.866836667060852,0.9619676722995586
2025-11-27 20:08:00+00:00,ETHUSDT,3035.22,0.9398975372314453,0.9384899390914668
2025-11-27 20:08:00+00:00,SOLUSDT,142.85,0.9731040000915527,0.906449556350708
2025-11-27 20:08:00+00:00,AVAXUSDT,15.04,0.9441591470651702,0.9985214142461171
2025-11-27 20:08:00+00:00,XRPUSDT,2.2318,0.662833034992218,0.3113076984882355
2025-11-27 20:09:00+00:00,BTCUSDT,91532.62,0.8231111168861389,0.9251912418865393
2025-11-27 20:09:00+00:00,ETHUSDT,3036.31,0.9624113440513611,0.9307558718645363
2025-11-27 20:09:00+00:00,SOLUSDT,142.83,0.9654396772384644,0.9129208922386169
2025-11-27 20:09:00+00:00,AVAXUSDT,15.04,0.9517392245305354,0.9985874280276367
2025-11-27 20:09:00+00:00,XRPUSDT,2.2305,0.610536515712738,0.27665087580680847
2025-11-27 20:10:00+00:00,BTCUSDT,91546.8,0.7695339918136597,0.9015851616859436
2025-11-27 20:10:00+00:00,ETHUSDT,3036.84,0.946683943271637,0.9240275584340044
2025-11-27 20:10:00+00:00,SOLUSDT,142.86,0.98189377784729,0.9382467269897461
2025-11-27 20:10:00+00:00,AVAXUSDT,15.04,0.9533822780954119,0.9985622346065116
2025-11-27 20:10:00+00:00,XRPUSDT,2.2311,0.7284653782844543,0.410070538520813
2025-11-27 20:11:00+00:00,BTCUSDT,91559.89,0.6766839027404785,0.8876806497573853
2025-11-27 20:11:00+00:00,ETHUSDT,3037.34,0.8865957260131836,0.916795600937859
2025-11-27 20:11:00+00:00,SOLUSDT,142.83,0.971209704875946,0.8827897310256958
2025-11-27 20:11:00+00:00,AVAXUSDT,15.06,0.8891584069071027,0.9984630811603035
2025-11-27 20:11:00+00:00,XRPUSDT,2.2317,0.6137259006500244,0.32368001341819763
2025-11-27 20:12:00+00:00,BTCUSDT,91557.87,0.6708104610443115,0.8929879069328308
2025-11-27 20:12:00+00:00,ETHUSDT,3038.26,0.8949811458587646,0.8804682871293756
2025-11-27 20:12:00+00:00,SOLUSDT,142.87,0.9783157110214233,0.9178397059440613
2025-11-27 20:12:00+00:00,AVAXUSDT,15.04,0.9332893960265445,0.995914565258313
2025-11-27 20:12:00+00:00,XRPUSDT,2.2318,0.6389369368553162,0.3571491837501526
2025-11-27 20:13:00+00:00,BTCUSDT,91525.95,0.7653849124908447,0.9096007347106934
2025-11-27 20:13:00+00:00,ETHUSDT,3038.83,0.9139519333839417,0.8831337350501743
2025-11-27 20:13:00+00:00,SOLUSDT,142.85,0.9724980592727661,0.888468325138092
2025-11-27 20:13:00+00:00,AVAXUSDT,15.05,0.8634030041620376,0.9966816068953379
2025-11-27 20:13:00+00:00,XRPUSDT,2.2307,0.48371586203575134,0.3371773362159729
2025-11-27 20:14:00+00:00,BTCUSDT,91512.42,0.7561239004135132,0.9220907092094421
2025-11-27 20:14:00+00:00,ETHUSDT,3038.24,0.9054447412490845,0.8688302585548067
2025-11-27 20:14:00+00:00,SOLUSDT,142.86,0.9785021543502808,0.8877228498458862
2025-11-27 20:14:00+00:00,AVAXUSDT,15.05,0.8337792342114596,0.9962029098000277
2025-11-27 20:14:00+00:00,XRPUSDT,2.2306,0.4209442734718323,0.25669461488723755
2025-11-27 20:15:00+00:00,BTCUSDT,91493.57,0.7579841017723083,0.9515058398246765
2025-11-27 20:15:00+00:00,ETHUSDT,3038.03,0.9061871767044067,0.8929604910672999
2025-11-27 20:15:00+00:00,SOLUSDT,142.87,0.9816283583641052,0.9124516844749451
2025-11-27 20:15:00+00:00,AVAXUSDT,15.05,0.8630031184551202,0.9969565377699362
2025-11-27 20:15:00+00:00,XRPUSDT,2.2318,0.6054949164390564,0.29634425044059753
2025-11-27 20:16:00+00:00,BTCUSDT,91480.41,0.8334616422653198,0.9661383067020504
2025-11-27 20:16:00+00:00,ETHUSDT,3038.01,0.9304628968238831,0.8855930058254337
2025-11-27 20:16:00+00:00,SOLUSDT,142.8,0.9858167171478271,0.9233947396278381
2025-11-27 20:16:00+00:00,AVAXUSDT,15.05,0.9350523346241297,0.9973103012500246
2025-11-27 20:16:00+00:00,XRPUSDT,2.231,0.5180672407150269,0.2766212821006775
2025-11-27 20:17:00+00:00,BTCUSDT,91436.21,0.8857263326644897,0.9883528547547821
2025-11-27 20:17:00+00:00,ETHUSDT,3036.21,0.9341954588890076,0.94266268780922
2025-11-27 20:17:00+00:00,SOLUSDT,142.69,0.9831199645996094,0.8960499167442322
2025-11-27 20:17:00+00:00,AVAXUSDT,15.04,0.9473915811982061,0.99748582810541
2025-11-27 20:17:00+00:00,XRPUSDT,2.2292,0.7032754109869227,0.6760091836352705
2025-11-27 20:18:00+00:00,BTCUSDT,91417.06,0.9243058562278748,0.9909161282343469
2025-11-27 20:18:00+00:00,ETHUSDT,3036.08,0.9202122688293457,0.9470224093825722
2025-11-27 20:18:00+00:00,SOLUSDT,142.65,0.9704006139928393,0.871671736240387
2025-11-27 20:18:00+00:00,AVAXUSDT,15.03,0.9610321726200464,0.9977933405136666
2025-11-27 20:18:00+00:00,XRPUSDT,2.2284,0.8441406732232355,0.8107275177549422
2025-11-27 20:19:00+00:00,BTCUSDT,91457.99,0.8717522025108337,0.963566854739613
2025-11-27 20:19:00+00:00,ETHUSDT,3037.52,0.9004483819007874,0.8878680955556104
2025-11-27 20:19:00+00:00,SOLUSDT,142.66,0.9743782877922058,0.8785085678100586
2025-11-27 20:19:00+00:00,AVAXUSDT,15.03,0.9694204305438867,0.9970891687967545
2025-11-27 20:19:00+00:00,XRPUSDT,2.2318,0.5146952271461487,0.1656065732240677
2025-11-27 20:20:00+00:00,BTCUSDT,91485.32,0.7771797180175781,0.9615490094175949
2025-11-27 20:20:00+00:00,ETHUSDT,3038.81,0.9125205278396606,0.9021236317444965
2025-11-27 20:20:00+00:00,SOLUSDT,142.84,0.9690210819244385,0.8811246752738953
2025-11-27 20:20:00+00:00,AVAXUSDT,15.03,0.9718348543770825,0.9970891687967545
2025-11-27 20:20:00+00:00,XRPUSDT,2.232,0.5593471527099609,0.209450826048851
2025-11-27 20:21:00+00:00,BTCUSDT,91438.81,0.8457304239273071,0.9786030390697379
2025-11-27 20:21:00+00:00,ETHUSDT,3037.57,0.9306873679161072,0.8975853833969615
2025-11-27 20:21:00+00:00,SOLUSDT,142.75,0.9500188231468201,0.8632514476776123
2025-11-27 20:21:00+00:00,AVAXUSDT,15.03,0.9719827789561419,0.9970285799439417
2025-11-27 20:21:00+00:00,XRPUSDT,2.2308,0.4217807352542877,0.21271096169948578
2025-11-27 20:22:00+00:00,BTCUSDT,91410.58,0.9160125851631165,0.9889023050043987
2025-11-27 20:22:00+00:00,ETHUSDT,3036.57,0.8892694711685181,0.9188776065836928
2025-11-27 20:22:00+00:00,SOLUSDT,142.69,0.9669718146324158,0.9027292728424072
2025-11-27 20:22:00+00:00,AVAXUSDT,15.02,0.9698262385667923,0.996988045459794
2025-11-27 20:22:00+00:00,XRPUSDT,2.2294,0.8167217758067783,0.7958686351776123
2025-11-27 20:23:00+00:00,BTCUSDT,91401.53,0.9182273149490356,0.9929572169339674
2025-11-27 20:23:00+00:00,ETHUSDT,3035.56,0.9272903800010681,0.9316662220040124
2025-11-27 20:23:00+00:00,SOLUSDT,142.64,0.9609642624855042,0.8762014508247375
2025-11-27 20:23:00+00:00,AVAXUSDT,15.02,0.9649397294487322,0.9968757954867363
2025-11-27 20:23:00+00:00,XRPUSDT,2.2294,0.8515459873902456,0.804269140573254
2025-11-27 20:24:00+00:00,BTCUSDT,91400.01,0.9034032821655273,0.9916644040462804
2025-11-27 20:24:00+00:00,ETHUSDT,3036.08,0.9323709011077881,0.943368816691447
2025-11-27 20:24:00+00:00,SOLUSDT,142.69,0.9744401909720225,0.8068568110466003
2025-11-27 20:24:00+00:00,AVAXUSDT,15.02,0.955353319644928,0.9990818247017045
2025-11-27 20:24:00+00:00,XRPUSDT,2.2297,0.7422754613220242,0.7363530382898558
2025-11-27 20:25:00+00:00,BTCUSDT,91432.62,0.8656030893325806,0.9897351805124339
2025-11-27 20:25:00+00:00,ETHUSDT,3037.05,0.89784175157547,0.9433034121429451
2025-11-27 20:25:00+00:00,SOLUSDT,142.79,0.9765174388885498,0.8569081425666809
2025-11-27 20:25:00+00:00,AVAXUSDT,15.01,0.9227725532232656,0.9988303262564845
2025-11-27 20:25:00+00:00,XRPUSDT,2.2297,0.8485485644739126,0.7925015687942505
2025-11-27 20:26:00+00:00,BTCUSDT,91412.12,0.8910991549491882,0.9904750382121333
2025-11-27 20:26:00+00:00,ETHUSDT,3037.1,0.90339595079422,0.9470203421992605
2025-11-27 20:26:00+00:00,SOLUSDT,142.75,0.975126326084137,0.8470417857170105
2025-11-27 20:26:00+00:00,AVAXUSDT,15.01,0.9311530270388724,0.9986245092239036
2025-11-27 20:26:00+00:00,XRPUSDT,2.2296,0.8598649224255132,0.8543297052383423
2025-11-27 20:27:00+00:00,BTCUSDT,91424.37,0.9130755066871643,0.9900317854050789
2025-11-27 20:27:00+00:00,ETHUSDT,3036.89,0.9065412878990173,0.9708537169842222
2025-11-27 20:27:00+00:00,SOLUSDT,142.74,0.9752383232116699,0.8824998140335083
2025-11-27 20:27:00+00:00,AVAXUSDT,15.02,0.9441485404968262,0.9990707686676348
2025-11-27 20:27:00+00:00,XRPUSDT,2.2304,0.7263709902763367,0.7922024726867676
2025-11-27 20:28:00+00:00,BTCUSDT,91453.07,0.7868828773498535,0.9865682591547191
2025-11-27 20:28:00+00:00,ETHUSDT,3037.03,0.9177411198616028,0.9736989476698688
2025-11-27 20:28:00+00:00,SOLUSDT,142.73,0.9775444269180298,0.9089785814285278
2025-11-27 20:28:00+00:00,AVAXUSDT,15.02,0.9430902004241943,0.9990822401103844
2025-11-27 20:28:00+00:00,XRPUSDT,2.2318,0.6721159815788269,0.3065702021121979
2025-11-27 20:29:00+00:00,BTCUSDT,91457.98,0.800581693649292,0.9713188773883683
2025-11-27 20:29:00+00:00,ETHUSDT,3037.02,0.9233548045158386,0.9703059886225929
2025-11-27 20:29:00+00:00,SOLUSDT,142.72,0.9809067845344543,0.8811259269714355
2025-11-27 20:29:00+00:00,AVAXUSDT,15.01,0.9448214575796968,0.9985774134689013
2025-11-27 20:29:00+00:00,XRPUSDT,2.2305,0.6310427784919739,0.7650754451751709
2025-11-27 20:30:00+00:00,BTCUSDT,91429.55,0.8254680633544922,0.9875544423309162
2025-11-27 20:30:00+00:00,ETHUSDT,3037.08,0.9213861227035522,0.9712872988667073
2025-11-27 20:30:00+00:00,SOLUSDT,142.69,0.970963180065155,0.8289849162101746
2025-11-27 20:30:00+00:00,AVAXUSDT,15.02,0.9464747905731201,0.999138495107399
2025-11-27 20:30:00+00:00,XRPUSDT,2.2294,0.8433232485894734,0.8457750082015991
2025-11-27 20:31:00+00:00,BTCUSDT,91400.43,0.871732771396637,0.9823408542979809
2025-11-27 20:31:00+00:00,ETHUSDT,3036.36,0.9248159527778625,0.9731455779063607
2025-11-27 20:31:00+00:00,SOLUSDT,142.64,0.9617644974287209,0.6485166549682617
2025-11-27 20:31:00+00:00,AVAXUSDT,15.02,0.9559785723686218,0.9990854663275582
2025-11-27 20:31:00+00:00,XRPUSDT,2.2277,0.92917525199604,0.9361834997005083
2025-11-27 20:32:00+00:00,BTCUSDT,91449.7,0.8153032660484314,0.9757802216851803
2025-11-27 20:32:00+00:00,ETHUSDT,3037.81,0.8649012446403503,0.9476868572452541
2025-11-27 20:32:00+00:00,SOLUSDT,142.79,0.9401235580444336,0.6264243721961975
2025-11-27 20:32:00+00:00,AVAXUSDT,15.02,0.9632531969480936,0.9991013361064597
2025-11-27 20:32:00+00:00,XRPUSDT,2.2318,0.5001281499862671,0.2666721045970917
2025-11-27 20:33:00+00:00,BTCUSDT,91475.63,0.7376383813021775,0.9483419144151695
2025-11-27 20:33:00+00:00,ETHUSDT,3038.77,0.9081687927246094,0.9458947608118303
2025-11-27 20:33:00+00:00,SOLUSDT,142.79,0.9572410583496094,0.7347714304924011
2025-11-27 20:33:00+00:00,AVAXUSDT,15.02,0.9633902907371521,0.9990991757690791
2025-11-27 20:33:00+00:00,XRPUSDT,2.2313,0.6024772524833679,0.5285612344741821
2025-11-27 20:34:00+00:00,BTCUSDT,91498.36,0.7279546856880188,0.9169896115533829
2025-11-27 20:34:00+00:00,ETHUSDT,3038.83,0.9194852113723755,0.9535803222104962
2025-11-27 20:34:00+00:00,SOLUSDT,142.8,0.9798183441162109,0.8880988955497742
2025-11-27 20:34:00+00:00,AVAXUSDT,15.02,0.9630816578865051,0.9991991258527678
2025-11-27 20:34:00+00:00,XRPUSDT,2.2317,0.656225323677063,0.5302569363985538
2025-11-27 20:35:00+00:00,BTCUSDT,91556.73,0.720883846282959,0.914581588703588
2025-11-27 20:35:00+00:00,ETHUSDT,3041.54,0.8822125196456909,0.9024631869089164
2025-11-27 20:35:00+00:00,SOLUSDT,142.89,0.9807357788085938,0.9382060170173645
2025-11-27 20:35:00+00:00,AVAXUSDT,15.05,0.9639358322484375,0.9987212583049723
2025-11-27 20:35:00+00:00,XRPUSDT,2.2327,0.6241117715835571,0.283679904520071
2025-11-27 20:36:00+00:00,BTCUSDT,91582.79,0.6648070216178894,0.9303766494181719
2025-11-27 20:36:00+00:00,ETHUSDT,3043.0,0.8559343218803406,0.936423174425916
2025-11-27 20:36:00+00:00,SOLUSDT,142.86,0.9721696376800537,0.9164283275604248
2025-11-27 20:36:00+00:00,AVAXUSDT,15.05,0.9692898689467122,0.9983612568141655
2025-11-27 20:36:00+00:00,XRPUSDT,2.2325,0.40613672137260437,0.3766623013674624
2025-11-27 20:37:00+00:00,BTCUSDT,91518.05,0.7411013245582581,0.8690060973167419
2025-11-27 20:37:00+00:00,ETHUSDT,3041.35,0.8636259436607361,0.9253011252957888
2025-11-27 20:37:00+00:00,SOLUSDT,142.74,0.975908637046814,0.8968478441238403
2025-11-27 20:37:00+00:00,AVAXUSDT,15.05,0.9757244130414555,0.9985049245107532
2025-11-27 20:37:00+00:00,XRPUSDT,2.2305,0.8842962980270386,0.9126163107792585
2025-11-27 20:38:00+00:00,BTCUSDT,91464.2,0.8528240919113159,0.9528176188468933
2025-11-27 20:38:00+00:00,ETHUSDT,3039.75,0.8945279717445374,0.9130823264028398
2025-11-27 20:38:00+00:00,SOLUSDT,142.66,0.9671657681465149,0.8447860479354858
2025-11-27 20:38:00+00:00,AVAXUSDT,15.03,0.9810933417884796,0.9992730265716523
2025-11-27 20:38:00+00:00,XRPUSDT,2.228,0.9224973409514436,0.9320224870482221
2025-11-27 20:39:00+00:00,BTCUSDT,91435.51,0.8935402035713196,0.9670553803443909
2025-11-27 20:39:00+00:00,ETHUSDT,3036.36,0.854362964630127,0.960555972904792
2025-11-27 20:39:00+00:00,SOLUSDT,142.45,0.9589130370987253,0.4533794848635432
2025-11-27 20:39:00+00:00,AVAXUSDT,15.03,0.9747328399719166,0.9994830741648191
2025-11-27 20:39:00+00:00,XRPUSDT,2.2238,0.9052313566207886,0.9300286893959785
2025-11-27 20:40:00+00:00,BTCUSDT,91463.39,0.8904585242271423,0.9660133719444275
2025-11-27 20:40:00+00:00,ETHUSDT,3038.89,0.8755982518196106,0.9170105789697351
2025-11-27 20:40:00+00:00,SOLUSDT,142.55,0.9205216417416414,0.4202962815761566
2025-11-27 20:40:00+00:00,AVAXUSDT,15.04,0.9597272174344428,0.9992535330596753
2025-11-27 20:40:00+00:00,XRPUSDT,2.2242,0.8900365829467773,0.9487745457900171
2025-11-27 20:41:00+00:00,BTCUSDT,91486.28,0.8675356507301331,0.9556296467781067
2025-11-27 20:41:00+00:00,ETHUSDT,3041.38,0.8785555362701416,0.890428746704202
2025-11-27 20:41:00+00:00,SOLUSDT,142.66,0.9119796752929688,0.47130507230758667
2025-11-27 20:41:00+00:00,AVAXUSDT,15.05,0.9654101747846219,0.9975319321487286
2025-11-27 20:41:00+00:00,XRPUSDT,2.2258,0.9035429358482361,0.9466283917427063
2025-11-27 20:42:00+00:00,BTCUSDT,91484.84,0.8219044036105844,0.9565948843955994
2025-11-27 20:42:00+00:00,ETHUSDT,3042.87,0.9131731986999512,0.8804889160306167
2025-11-27 20:42:00+00:00,SOLUSDT,142.69,0.9256934588938069,0.4322603940963745
2025-11-27 20:42:00+00:00,AVAXUSDT,15.04,0.971860512400592,0.9976782816294111
2025-11-27 20:42:00+00:00,XRPUSDT,2.2265,0.8453113436698914,0.9466826319694519
2025-11-27 20:43:00+00:00,BTCUSDT,91471.4,0.8503614068031311,0.9666103720664978
2025-11-27 20:43:00+00:00,ETHUSDT,3042.4,0.910656213760376,0.8700874152737185
2025-11-27 20:43:00+00:00,SOLUSDT,142.67,0.9126463532447815,0.4740280508995056
2025-11-27 20:43:00+00:00,AVAXUSDT,15.05,0.9628512451760487,0.9970832657886882
2025-11-27 20:43:00+00:00,XRPUSDT,2.2295,0.7819751501083374,0.9440170841146618
2025-11-27 20:44:00+00:00,BTCUSDT,91449.92,0.8486810326576233,0.9732092022895813
2025-11-27 20:44:00+00:00,ETHUSDT,3041.8,0.9202360510826111,0.9101121978129528
2025-11-27 20:44:00+00:00,SOLUSDT,142.6,0.9249725937843323,0.4661562144756317
2025-11-27 20:44:00+00:00,AVAXUSDT,15.04,0.9535754323005676,0.9957014848426533
2025-11-27 20:44:00+00:00,XRPUSDT,2.2288,0.7664293646812439,0.9404601461190024
2025-11-27 20:45:00+00:00,BTCUSDT,91459.99,0.8442562818527222,0.9687846899032593
2025-11-27 20:45:00+00:00,ETHUSDT,3042.54,0.9048658609390259,0.8820485176009522
2025-11-27 20:45:00+00:00,SOLUSDT,142.64,0.8999298810958862,0.43793806433677673
2025-11-27 20:45:00+00:00,AVAXUSDT,15.04,0.9530017760323152,0.9978548698807137
2025-11-27 20:45:00+00:00,XRPUSDT,2.229,0.7981286633155054,0.9394625325868778
2025-11-27 20:46:00+00:00,BTCUSDT,91423.92,0.8223270773887634,0.9757038354873657
2025-11-27 20:46:00+00:00,ETHUSDT,3040.49,0.8798592686653137,0.9055190803867073
2025-11-27 20:46:00+00:00,SOLUSDT,142.61,0.8973456621170044,0.4642428457736969
2025-11-27 20:46:00+00:00,AVAXUSDT,15.03,0.9764133974539425,0.9978370105062797
2025-11-27 20:46:00+00:00,XRPUSDT,2.2281,0.8703352174656602,0.9432881700744944
2025-11-27 20:47:00+00:00,BTCUSDT,91402.09,0.8344350457191467,0.9926673161267572
2025-11-27 20:47:00+00:00,ETHUSDT,3040.17,0.8713638782501221,0.9350988012234244
2025-11-27 20:47:00+00:00,SOLUSDT,142.58,0.9107213616371155,0.4141387939453125
2025-11-27 20:47:00+00:00,AVAXUSDT,15.03,0.9657204053242109,0.9975022510811632
2025-11-27 20:47:00+00:00,XRPUSDT,2.2284,0.8879874932810743,0.9435882943967779
2025-11-27 20:48:00+00:00,BTCUSDT,91486.29,0.8103634119033813,0.9496315121650696
2025-11-27 20:48:00+00:00,ETHUSDT,3043.87,0.869874894618988,0.9211388102954464
2025-11-27 20:48:00+00:00,SOLUSDT,142.78,0.8834561705589294,0.4704149663448334
2025-11-27 20:48:00+00:00,AVAXUSDT,15.04,0.9670819481020988,0.9970698970860099
2025-11-27 20:48:00+00:00,XRPUSDT,2.2308,0.6796152061167214,0.9077833294868469
2025-11-27 20:49:00+00:00,BTCUSDT,91405.39,0.8648719787597656,0.9884512483245875
2025-11-27 20:49:00+00:00,ETHUSDT,3041.14,0.8805928826332092,0.9321542521018453
2025-11-27 20:49:00+00:00,SOLUSDT,142.65,0.8626019954681396,0.37550729513168335
2025-11-27 20:49:00+00:00,AVAXUSDT,15.04,0.9733025336736528,0.9976840293754279
2025-11-27 20:49:00+00:00,XRPUSDT,2.2297,0.8007668256759644,0.949425049347917
2025-11-27 20:50:00+00:00,BTCUSDT,91419.04,0.8622666001319885,0.9884378528398078
2025-11-27 20:50:00+00:00,ETHUSDT,3040.17,0.8816485404968262,0.9546675812316454
2025-11-27 20:50:00+00:00,SOLUSDT,142.6,0.8500210642814636,0.37724822759628296
2025-11-27 20:50:00+00:00,AVAXUSDT,15.04,0.968414808528844,0.9990873900520401
2025-11-27 20:50:00+00:00,XRPUSDT,2.23,0.7801132712383081,0.9479523263517143
2025-11-27 20:51:00+00:00,BTCUSDT,91434.98,0.8328462243080139,0.9890384580339193
2025-11-27 20:51:00+00:00,ETHUSDT,3041.98,0.8863513469696045,0.9417595191230046
2025-11-27 20:51:00+00:00,SOLUSDT,142.63,0.8904025554656982,0.45575082302093506
2025-11-27 20:51:00+00:00,AVAXUSDT,15.05,0.9724032774802533,0.9957492169391523
2025-11-27 20:51:00+00:00,XRPUSDT,2.23,0.8214801518815606,0.9443201682193393
2025-11-27 20:52:00+00:00,BTCUSDT,91468.58,0.7874242663383484,0.9621393066806556
2025-11-27 20:52:00+00:00,ETHUSDT,3042.2,0.9083936214447021,0.9438700347756579
2025-11-27 20:52:00+00:00,SOLUSDT,142.71,0.9155211448669434,0.5524226427078247
2025-11-27 20:52:00+00:00,AVAXUSDT,15.05,0.9699387813636475,0.9980939577512129
2025-11-27 20:52:00+00:00,XRPUSDT,2.2304,0.8908489802563437,0.9600687818459749
2025-11-27 20:53:00+00:00,BTCUSDT,91486.29,0.7334877252578735,0.9495775699615479
2025-11-27 20:53:00+00:00,ETHUSDT,3042.0,0.9301520586013794,0.9295683007334317
2025-11-27 20:53:00+00:00,SOLUSDT,142.7,0.9296731352806091,0.6639891266822815
2025-11-27 20:53:00+00:00,AVAXUSDT,15.05,0.9819963828579934,0.9981374832538801
2025-11-27 20:53:00+00:00,XRPUSDT,2.2306,0.8895717192480448,0.946673572063446
2025-11-27 20:54:00+00:00,BTCUSDT,91486.27,0.7862750887870789,0.9553192853927612
2025-11-27 20:54:00+00:00,ETHUSDT,3042.52,0.9347193837165833,0.9446892286649734
2025-11-27 20:54:00+00:00,SOLUSDT,142.74,0.9248840808868408,0.6921168565750122
2025-11-27 20:54:00+00:00,AVAXUSDT,15.04,0.9855362970393634,0.998907442246416
2025-11-27 20:54:00+00:00,XRPUSDT,2.2318,0.8527094682037853,0.9344782002222145
2025-11-27 20:55:00+00:00,BTCUSDT,91511.87,0.7440672516822815,0.9138513207435608
2025-11-27 20:55:00+00:00,ETHUSDT,3042.88,0.9221132397651672,0.9205772876479205
2025-11-27 20:55:00+00:00,SOLUSDT,142.79,0.9287266135215759,0.8282906413078308
2025-11-27 20:55:00+00:00,AVAXUSDT,15.05,0.9838519335573993,0.9983431054774836
2025-11-27 20:55:00+00:00,XRPUSDT,2.2317,0.8358479878783038,0.9301923087842758
2025-11-27 20:56:00+00:00,BTCUSDT,91469.55,0.7841476798057556,0.96745365858078
2025-11-27 20:56:00+00:00,ETHUSDT,3040.81,0.9457100629806519,0.9452428979753932
2025-11-27 20:56:00+00:00,SOLUSDT,142.67,0.9388625025749207,0.7457163333892822
2025-11-27 20:56:00+00:00,AVAXUSDT,15.03,0.9866171005232832,0.9992541982677038
2025-11-27 20:56:00+00:00,XRPUSDT,2.2302,0.8743041157722473,0.9585411510907385
2025-11-27 20:57:00+00:00,BTCUSDT,91482.11,0.7927321195602417,0.9584255218505859
2025-11-27 20:57:00+00:00,ETHUSDT,3040.95,0.9484760761260986,0.9430589120361916
2025-11-27 20:57:00+00:00,SOLUSDT,142.67,0.9368851184844971,0.7453570365905762
2025-11-27 20:57:00+00:00,AVAXUSDT,15.04,0.9860460631024832,0.9991717323617854
2025-11-27 20:57:00+00:00,XRPUSDT,2.2291,0.8656899929046631,0.9498197655679115
2025-11-27 20:58:00+00:00,BTCUSDT,91485.32,0.7888980507850647,0.9653402407329392
2025-11-27 20:58:00+00:00,ETHUSDT,3040.1,0.9580507278442383,0.9305233235250838
2025-11-27 20:58:00+00:00,SOLUSDT,142.67,0.9492882490158081,0.788666307926178
2025-11-27 20:58:00+00:00,AVAXUSDT,15.04,0.9882936064059703,0.9991450450759036
2025-11-27 20:58:00+00:00,XRPUSDT,2.227,0.8737616713687899,0.9570801823551885
2025-11-27 20:59:00+00:00,BTCUSDT,91435.51,0.789814829826355,0.9661508798599243
2025-11-27 20:59:00+00:00,ETHUSDT,3038.76,0.9547812938690186,0.952464436768238
2025-11-27 20:59:00+00:00,SOLUSDT,142.57,0.909907341003418,0.6501857042312622
2025-11-27 20:59:00+00:00,AVAXUSDT,15.03,0.9838718725736529,0.9993161956342049
2025-11-27 20:59:00+00:00,XRPUSDT,2.2262,0.9044784702414683,0.957037539148518
2025-11-27 21:00:00+00:00,BTCUSDT,91433.18,0.8189904689788818,0.9737875461578369
2025-11-27 21:00:00+00:00,ETHUSDT,3038.93,0.9611165523529053,0.9570768212907338
2025-11-27 21:00:00+00:00,SOLUSDT,142.47,0.8794124126434326,0.6230360865592957
2025-11-27 21:00:00+00:00,AVAXUSDT,15.04,0.9836487943274791,0.9989840781401517
2025-11-27 21:00:00+00:00,XRPUSDT,2.2267,0.8509078652345946,0.9537296505378843
2025-11-27 21:01:00+00:00,BTCUSDT,91409.75,0.8261380791664124,0.9792633652687073
2025-11-27 21:01:00+00:00,ETHUSDT,3037.24,0.9499465823173523,0.9542904429544086
2025-11-27 21:01:00+00:00,SOLUSDT,142.28,0.8679570930245171,0.4489160180091858
2025-11-27 21:01:00+00:00,AVAXUSDT,15.03,0.9825216494828138,0.999212488797342
2025-11-27 21:01:00+00:00,XRPUSDT,2.225,0.8355522123351223,0.9707756042480469
2025-11-27 21:02:00+00:00,BTCUSDT,91354.04,0.8390401601791382,0.991446379869063
2025-11-27 21:02:00+00:00,ETHUSDT,3036.37,0.9240217804908752,0.9545899418817015
2025-11-27 21:02:00+00:00,SOLUSDT,142.24,0.870457138904744,0.6429668664932251
2025-11-27 21:02:00+00:00,AVAXUSDT,15.03,0.9815461717882114,0.9992021925950928
2025-11-27 21:02:00+00:00,XRPUSDT,2.2237,0.772307587996084,0.9753974514310915
2025-11-27 21:03:00+00:00,BTCUSDT,91354.34,0.9213026165962219,0.9918232833181571
2025-11-27 21:03:00+00:00,ETHUSDT,3035.12,0.9193293452262878,0.964272491584979
2025-11-27 21:03:00+00:00,SOLUSDT,142.28,0.8100185990333557,0.5620120763778687
2025-11-27 21:03:00+00:00,AVAXUSDT,15.03,0.9827153739579133,0.999274380779021
2025-11-27 21:03:00+00:00,XRPUSDT,2.2224,0.7547579696343283,0.978595484165154
2025-11-27 21:04:00+00:00,BTCUSDT,91339.98,0.9157356023788452,0.9940396234516945
2025-11-27 21:04:00+00:00,ETHUSDT,3034.93,0.9044057130813599,0.9608835529386802
2025-11-27 21:04:00+00:00,SOLUSDT,142.13,0.7746342070277017,0.43656232953071594
2025-11-27 21:04:00+00:00,AVAXUSDT,15.02,0.9891940238455424,0.9993678790086522
2025-11-27 21:04:00+00:00,XRPUSDT,2.2216,0.7783302608029168,0.9822479303044229
2025-11-27 21:05:00+00:00,BTCUSDT,91325.25,0.9308117628097534,0.994359627135151
2025-11-27 21:05:00+00:00,ETHUSDT,3034.39,0.9299102425575256,0.9675809154187344
2025-11-27 21:05:00+00:00,SOLUSDT,142.13,0.7829095644570802,0.523098886013031
2025-11-27 21:05:00+00:00,AVAXUSDT,15.03,0.9822012923895971,0.9992781784547864
2025-11-27 21:05:00+00:00,XRPUSDT,2.2211,0.8083429429643635,0.9807019686956624
2025-11-27 21:06:00+00:00,BTCUSDT,91314.21,0.9429182410240173,0.9924671763385556
2025-11-27 21:06:00+00:00,ETHUSDT,3033.77,0.9307479858398438,0.9637718226018235
2025-11-27 21:06:00+00:00,SOLUSDT,142.05,0.8462559580802917,0.6081637144088745
2025-11-27 21:06:00+00:00,AVAXUSDT,15.03,0.9819984602704414,0.9993308261891226
2025-11-27 21:06:00+00:00,XRPUSDT,2.22,0.8496157136044691,0.9836937331050473
2025-11-27 21:07:00+00:00,BTCUSDT,91276.0,0.945403516292572,0.9902451259555435
2025-11-27 21:07:00+00:00,ETHUSDT,3032.4,0.9179547429084778,0.9559837883555303
2025-11-27 21:07:00+00:00,SOLUSDT,141.91,0.8130126595497131,0.43681225180625916
2025-11-27 21:07:00+00:00,AVAXUSDT,15.01,0.9799011794107203,0.9993033370054071
2025-11-27 21:07:00+00:00,XRPUSDT,2.2184,0.9023349083433274,0.9898632764816284
2025-11-27 21:08:00+00:00,BTCUSDT,91323.97,0.9041550755500793,0.9934579981839549
2025-11-27 21:08:00+00:00,ETHUSDT,3034.49,0.8959920406341553,0.9551132147134188
2025-11-27 21:08:00+00:00,SOLUSDT,142.0,0.7848698496818542,0.4793345630168915
2025-11-27 21:08:00+00:00,AVAXUSDT,15.01,0.9890050721741732,0.9993328375412253
2025-11-27 21:08:00+00:00,XRPUSDT,2.2196,0.8877881606300299,0.9867821260572128
2025-11-27 21:09:00+00:00,BTCUSDT,91379.4,0.8707923017950243,0.9914004178918745
2025-11-27 21:09:00+00:00,ETHUSDT,3036.37,0.8820428848266602,0.9451545763227183
2025-11-27 21:09:00+00:00,SOLUSDT,142.1,0.6758179344580723,0.45429232716560364
2025-11-27 21:09:00+00:00,AVAXUSDT,15.03,0.9823734567543647,0.9990114165379652
2025-11-27 21:09:00+00:00,XRPUSDT,2.2216,0.8437870217533919,0.9885397223964475
2025-11-27 21:10:00+00:00,BTCUSDT,91347.38,0.8847752213478088,0.9934950237952666
2025-11-27 21:10:00+00:00,ETHUSDT,3038.1,0.9497464299201965,0.9425955455955354
2025-11-27 21:10:00+00:00,SOLUSDT,142.1,0.6944585275037665,0.4955638647079468
2025-11-27 21:10:00+00:00,AVAXUSDT,15.03,0.9762694837835891,0.9991849534178333
2025-11-27 21:10:00+00:00,XRPUSDT,2.2215,0.8644705398090288,0.9875670929001165
2025-11-27 21:11:00+00:00,BTCUSDT,91355.29,0.9182493090629578,0.9913616339139202
2025-11-27 21:11:00+00:00,ETHUSDT,3037.94,0.9359421730041504,0.9381113620949645
2025-11-27 21:11:00+00:00,SOLUSDT,142.05,0.696802020072937,0.4621823728084564
2025-11-27 21:11:00+00:00,AVAXUSDT,15.04,0.9721341067439283,0.998971635318633
2025-11-27 21:11:00+00:00,XRPUSDT,2.2209,0.837668844058572,0.9860989550103549
2025-11-27 21:12:00+00:00,BTCUSDT,91353.63,0.9170615673065186,0.9915727907318154
2025-11-27 21:12:00+00:00,ETHUSDT,3036.08,0.9126706719398499,0.9394289075675262
2025-11-27 21:12:00+00:00,SOLUSDT,142.05,0.7094244956970215,0.4673197269439697
2025-11-27 21:12:00+00:00,AVAXUSDT,15.04,0.974887760255484,0.9989738947521761
2025-11-27 21:12:00+00:00,XRPUSDT,2.2219,0.8699113557812778,0.9850546642682102
2025-11-27 21:13:00+00:00,BTCUSDT,91361.95,0.8837853670120239,0.9927749687454449
2025-11-27 21:13:00+00:00,ETHUSDT,3036.57,0.9248592853546143,0.9427891070590243
2025-11-27 21:13:00+00:00,SOLUSDT,141.99,0.676100492477417,0.5248638987541199
2025-11-27 21:13:00+00:00,AVAXUSDT,15.04,0.9730909706313091,0.9989889048879379
2025-11-27 21:13:00+00:00,XRPUSDT,2.2224,0.8807336823647953,0.9860880331570769
2025-11-27 21:14:00+00:00,BTCUSDT,91398.44,0.873984694480896,0.9762549418692315
2025-11-27 21:14:00+00:00,ETHUSDT,3038.07,0.947870671749115,0.9434559415469862
2025-11-27 21:14:00+00:00,SOLUSDT,142.05,0.657012191651108,0.4287591576576233
2025-11-27 21:14:00+00:00,AVAXUSDT,15.04,0.9763589768606619,0.999151089338524
2025-11-27 21:14:00+00:00,XRPUSDT,2.2248,0.8691432476043701,0.9821936963393935
2025-11-27 21:15:00+00:00,BTCUSDT,91423.84,0.8587607741355896,0.9716420444986577
2025-11-27 21:15:00+00:00,ETHUSDT,3037.95,0.9578960537910461,0.9406524269537393
2025-11-27 21:15:00+00:00,SOLUSDT,142.07,0.7044984446482895,0.42535901069641113
2025-11-27 21:15:00+00:00,AVAXUSDT,15.04,0.9650508515529809,0.9993347842857718
2025-11-27 21:15:00+00:00,XRPUSDT,2.2239,0.89350053682438,0.9800549763704086
2025-11-27 21:16:00+00:00,BTCUSDT,91391.11,0.8459160923957825,0.9841504185844904
2025-11-27 21:16:00+00:00,ETHUSDT,3036.49,0.9559575915336609,0.9415169671825
2025-11-27 21:16:00+00:00,SOLUSDT,142.01,0.73555522419539,0.37487658858299255
2025-11-27 21:16:00+00:00,AVAXUSDT,15.04,0.9777967650443373,0.9992345975478282
2025-11-27 21:16:00+00:00,XRPUSDT,2.2225,0.8672559185425885,0.9869154836859654
2025-11-27 21:17:00+00:00,BTCUSDT,91402.44,0.8398787379264832,0.9823778959685489
2025-11-27 21:17:00+00:00,ETHUSDT,3036.8,0.9462563395500183,0.9362993245997165
2025-11-27 21:17:00+00:00,SOLUSDT,142.03,0.7541677760836739,0.41536806138328497
2025-11-27 21:17:00+00:00,AVAXUSDT,15.04,0.9777967650443373,0.9992733396565675
2025-11-27 21:17:00+00:00,XRPUSDT,2.2224,0.8541799381518649,0.9886421580956051
2025-11-27 21:18:00+00:00,BTCUSDT,91486.28,0.7350161075592041,0.9613210647237439
2025-11-27 21:18:00+00:00,ETHUSDT,3040.28,0.9698740839958191,0.938359865889056
2025-11-27 21:18:00+00:00,SOLUSDT,142.22,0.7014225364563352,0.47282761335372925
2025-11-27 21:18:00+00:00,AVAXUSDT,15.04,0.9794639788031478,0.9996052153847038
2025-11-27 21:18:00+00:00,XRPUSDT,2.2261,0.8642676212103025,0.97784766985587
2025-11-27 21:19:00+00:00,BTCUSDT,91500.31,0.7847648859024048,0.9371567759784719
2025-11-27 21:19:00+00:00,ETHUSDT,3040.94,0.95797199010849,0.9247169846596351
2025-11-27 21:19:00+00:00,SOLUSDT,142.25,0.6614270996741793,0.48064902424812317
2025-11-27 21:19:00+00:00,AVAXUSDT,15.05,0.9657615844273537,0.9992235188079099
2025-11-27 21:19:00+00:00,XRPUSDT,2.227,0.858966875385763,0.968230111228206
2025-11-27 21:20:00+00:00,BTCUSDT,91537.05,0.805085006605526,0.9154736375498658
2025-11-27 21:20:00+00:00,ETHUSDT,3043.23,0.946278989315033,0.9368027018410348
2025-11-27 21:20:00+00:00,SOLUSDT,142.46,0.7271939174272681,0.360883504152298
2025-11-27 21:20:00+00:00,AVAXUSDT,15.06,0.9514863297935444,0.9989512146437279
2025-11-27 21:20:00+00:00,XRPUSDT,2.2285,0.8577228491965757,0.9647774900569277
2025-11-27 21:21:00+00:00,BTCUSDT,91536.41,0.7704207897186279,0.9426814317703247
2025-11-27 21:21:00+00:00,ETHUSDT,3042.51,0.9385145306587219,0.924494982093502
2025-11-27 21:21:00+00:00,SOLUSDT,142.47,0.8638356035987855,0.6926323175430298
2025-11-27 21:21:00+00:00,AVAXUSDT,15.06,0.9380486607551575,0.9994167572568045
2025-11-27 21:21:00+00:00,XRPUSDT,2.2286,0.8383034981564771,0.9706340649062546
2025-11-27 21:22:00+00:00,BTCUSDT,91493.57,0.8242778182029724,0.9012132326519552
2025-11-27 21:22:00+00:00,ETHUSDT,3038.93,0.9448102116584778,0.9431773519338936
2025-11-27 21:22:00+00:00,SOLUSDT,142.43,0.8708026318290382,0.5156739950180054
2025-11-27 21:22:00+00:00,AVAXUSDT,15.06,0.9721089420060816,0.9993216393551865
2025-11-27 21:22:00+00:00,XRPUSDT,2.2265,0.8832966056865882,0.9793120409730448
2025-11-27 21:23:00+00:00,BTCUSDT,91511.27,0.7852613925933838,0.9074737986514294
2025-11-27 21:23:00+00:00,ETHUSDT,3039.83,0.9437695741653442,0.9488982849640115
2025-11-27 21:23:00+00:00,SOLUSDT,142.4,0.8222149031161426,0.623041033744812
2025-11-27 21:23:00+00:00,AVAXUSDT,15.06,0.9449205994606018,0.9994580233756767
2025-11-27 21:23:00+00:00,XRPUSDT,2.2277,0.882886315817442,0.9708417223597596
2025-11-27 21:24:00+00:00,BTCUSDT,91505.47,0.8312023282051086,0.9176880717277527
2025-11-27 21:24:00+00:00,ETHUSDT,3038.78,0.9516503810882568,0.9564815425202395
2025-11-27 21:24:00+00:00,SOLUSDT,142.44,0.8421456813812256,0.6334434747695923
2025-11-27 21:24:00+00:00,AVAXUSDT,15.06,0.9615692548370031,0.9996042672151403
2025-11-27 21:24:00+00:00,XRPUSDT,2.2272,0.9061560608606851,0.9664046659101614
2025-11-27 21:25:00+00:00,BTCUSDT,91486.28,0.8376604318618774,0.9535600543022156
2025-11-27 21:25:00+00:00,ETHUSDT,3037.42,0.9273190498352051,0.9510657201096814
2025-11-27 21:25:00+00:00,SOLUSDT,142.43,0.8773623704910278,0.6471121311187744
2025-11-27 21:25:00+00:00,AVAXUSDT,15.06,0.9784849286079407,0.9995430200422781
2025-11-27 21:25:00+00:00,XRPUSDT,2.2269,0.8981976795085495,0.9786306207341136
2025-11-27 21:26:00+00:00,BTCUSDT,91480.0,0.8463496565818787,0.9541861414909363
2025-11-27 21:26:00+00:00,ETHUSDT,3037.73,0.938701331615448,0.9579862837659747
2025-11-27 21:26:00+00:00,SOLUSDT,142.47,0.8853704333305359,0.7641626596450806
2025-11-27 21:26:00+00:00,AVAXUSDT,15.07,0.9630128145217896,0.9995579184714704
2025-11-27 21:26:00+00:00,XRPUSDT,2.2258,0.912970145702357,0.9802990809260259
2025-11-27 21:27:00+00:00,BTCUSDT,91486.27,0.8438867330551147,0.9618161916732788
2025-11-27 21:27:00+00:00,ETHUSDT,3037.81,0.9514010548591614,0.9575501839604438
2025-11-27 21:27:00+00:00,SOLUSDT,142.4,0.92113196849823,0.7780874967575073
2025-11-27 21:27:00+00:00,AVAXUSDT,15.06,0.9179263710975647,0.9994100910540086
2025-11-27 21:27:00+00:00,XRPUSDT,2.2272,0.9179449114411125,0.9783207241400623
2025-11-27 21:28:00+00:00,BTCUSDT,91508.94,0.79970383644104,0.9183216094970703
2025-11-27 21:28:00+00:00,ETHUSDT,3037.35,0.9474717378616333,0.9603177759853284
2025-11-27 21:28:00+00:00,SOLUSDT,142.39,0.8694798946380615,0.7785794946454953
2025-11-27 21:28:00+00:00,AVAXUSDT,15.07,0.967914342880249,0.9995657331348554
2025-11-27 21:28:00+00:00,XRPUSDT,2.2247,0.8863146943714297,0.977890104276551
2025-11-27 21:29:00+00:00,BTCUSDT,91546.0,0.7848737835884094,0.8779606819152832
2025-11-27 21:29:00+00:00,ETHUSDT,3038.64,0.9576120972633362,0.9534563495522019
2025-11-27 21:29:00+00:00,SOLUSDT,142.48,0.8978213667869568,0.7805131673812866
2025-11-27 21:29:00+00:00,AVAXUSDT,15.07,0.9646432029789576,0.9994626478974067
2025-11-27 21:29:00+00:00,XRPUSDT,2.2257,0.9088028073310852,0.9774607403472868
2025-11-27 21:30:00+00:00,BTCUSDT,91528.51,0.7857123613357544,0.8643146753311157
2025-11-27 21:30:00+00:00,ETHUSDT,3038.8,0.9528310298919678,0.9547837095024945
2025-11-27 21:30:00+00:00,SOLUSDT,142.38,0.9025177955627441,0.696419532379427
2025-11-27 21:30:00+00:00,AVAXUSDT,15.07,0.9621621744310827,0.9995526854382959
2025-11-27 21:30:00+00:00,XRPUSDT,2.2258,0.919370458033951,0.9768565245010568
2025-11-27 21:31:00+00:00,BTCUSDT,91514.51,0.7754634022712708,0.8782072067260742
2025-11-27 21:31:00+00:00,ETHUSDT,3037.78,0.9546346664428711,0.954476620161905
2025-11-27 21:31:00+00:00,SOLUSDT,142.33,0.7887811660766602,0.5770199298858643
2025-11-27 21:31:00+00:00,AVAXUSDT,15.07,0.9584995978188736,0.9994581771728224
2025-11-27 21:31:00+00:00,XRPUSDT,2.2244,0.8959198942464823,0.9762122269912115
2025-11-27 21:32:00+00:00,BTCUSDT,91525.07,0.8278371691703796,0.8828597068786621
2025-11-27 21:32:00+00:00,ETHUSDT,3039.17,0.9557932019233704,0.9492240665517567
2025-11-27 21:32:00+00:00,SOLUSDT,142.27,0.7779395580291748,0.5922983884811401
2025-11-27 21:32:00+00:00,AVAXUSDT,15.07,0.9543970196160029,0.9992104899991315
2025-11-27 21:32:00+00:00,XRPUSDT,2.2228,0.8903257411218496,0.9812864936639272
2025-11-27 21:33:00+00:00,BTCUSDT,91493.57,0.8328666687011719,0.9252896308898926
2025-11-27 21:33:00+00:00,ETHUSDT,3036.39,0.9194697141647339,0.9484600937695206
2025-11-27 21:33:00+00:00,SOLUSDT,142.11,0.7518075704574585,0.5151525139808655
2025-11-27 21:33:00+00:00,AVAXUSDT,15.06,0.9579175710678101,0.9995411738982544
2025-11-27 21:33:00+00:00,XRPUSDT,2.2215,0.8617522668651882,0.99002494736572
2025-11-27 21:34:00+00:00,BTCUSDT,91513.19,0.8525738716125488,0.921833872795105
2025-11-27 21:34:00+00:00,ETHUSDT,3036.76,0.8864115476608276,0.9530477886359808
2025-11-27 21:34:00+00:00,SOLUSDT,142.18,0.7641725208489848,0.5141809584908162
2025-11-27 21:34:00+00:00,AVAXUSDT,15.06,0.9129401374554926,0.9995500346496999
2025-11-27 21:34:00+00:00,XRPUSDT,2.2222,0.8576374984688123,0.9863422804471029
2025-11-27 21:35:00+00:00,BTCUSDT,91547.5,0.8218610882759094,0.858363926410675
2025-11-27 21:35:00+00:00,ETHUSDT,3038.09,0.9516933560371399,0.9473173770937363
2025-11-27 21:35:00+00:00,SOLUSDT,142.26,0.7717604907635175,0.6539256572723389
2025-11-27 21:35:00+00:00,AVAXUSDT,15.06,0.8751958012580872,0.999578610397317
2025-11-27 21:35:00+00:00,XRPUSDT,2.2226,0.8564065894846775,0.9804356059272867
2025-11-27 21:36:00+00:00,BTCUSDT,91552.13,0.6562079191207886,0.8953123092651367
2025-11-27 21:36:00+00:00,ETHUSDT,3039.45,0.9447341561317444,0.9586051251268567
2025-11-27 21:36:00+00:00,SOLUSDT,142.32,0.8547070622444153,0.6858808398246765
2025-11-27 21:36:00+00:00,AVAXUSDT,15.06,0.9226284363296531,0.9995500346496999
2025-11-27 21:36:00+00:00,XRPUSDT,2.2246,0.8847778507781461,0.9786173664588547
2025-11-27 21:37:00+00:00,BTCUSDT,91530.83,0.6729015707969666,0.9030645489692688
2025-11-27 21:37:00+00:00,ETHUSDT,3039.2,0.9660642147064209,0.9558539189780765
2025-11-27 21:37:00+00:00,SOLUSDT,142.28,0.8236976265907288,0.718494713306427
2025-11-27 21:37:00+00:00,AVAXUSDT,15.06,0.8782853330550096,0.9995719740667839
2025-11-27 21:37:00+00:00,XRPUSDT,2.2238,0.8931911551703096,0.9806323038476228
2025-11-27 21:38:00+00:00,BTCUSDT,91534.93,0.7641477584838867,0.8860713839530945
2025-11-27 21:38:00+00:00,ETHUSDT,3039.08,0.9550509452819824,0.9590088014976457
2025-11-27 21:38:00+00:00,SOLUSDT,142.25,0.7361076373320257,0.5862929224967957
2025-11-27 21:38:00+00:00,AVAXUSDT,15.06,0.8807995319366455,0.9995943108255855
2025-11-27 21:38:00+00:00,XRPUSDT,2.2227,0.8632181233160962,0.9837550478126734
2025-11-27 21:39:00+00:00,BTCUSDT,91558.94,0.7845988869667053,0.8760948181152344
2025-11-27 21:39:00+00:00,ETHUSDT,3039.87,0.9308352470397949,0.9529442796038473
2025-11-27 21:39:00+00:00,SOLUSDT,142.3,0.8356199860572815,0.7448760867118835
2025-11-27 21:39:00+00:00,AVAXUSDT,15.06,0.9406886696815491,0.9995618936566839
2025-11-27 21:39:00+00:00,XRPUSDT,2.2228,0.8920554289009929,0.983347722919054
2025-11-27 21:40:00+00:00,BTCUSDT,91576.27,0.6792572140693665,0.8808598518371582
2025-11-27 21:40:00+00:00,ETHUSDT,3041.1,0.9454489350318909,0.9505438928364677
2025-11-27 21:40:00+00:00,SOLUSDT,142.43,0.8978336453437805,0.7211598753929138
2025-11-27 21:40:00+00:00,AVAXUSDT,15.06,0.9189749956130981,0.9995453806680051
2025-11-27 21:40:00+00:00,XRPUSDT,2.2241,0.9006350040435791,0.9818423133924471
2025-11-27 21:41:00+00:00,BTCUSDT,91578.56,0.6780072450637817,0.8500017523765564
2025-11-27 21:41:00+00:00,ETHUSDT,3039.49,0.9542551636695862,0.9502609293367045
2025-11-27 21:41:00+00:00,SOLUSDT,142.34,0.8620441555976868,0.6234665513038635
2025-11-27 21:41:00+00:00,AVAXUSDT,15.07,0.9152109026908875,0.9994826634688545
2025-11-27 21:41:00+00:00,XRPUSDT,2.2233,0.9008447468193852,0.9825370907783508
2025-11-27 21:42:00+00:00,BTCUSDT,91557.95,0.6865947246551514,0.8380254507064819
2025-11-27 21:42:00+00:00,ETHUSDT,3039.02,0.9342013597488403,0.9459062136665547
2025-11-27 21:42:00+00:00,SOLUSDT,142.29,0.8408815860748291,0.6838628053665161
2025-11-27 21:42:00+00:00,AVAXUSDT,15.06,0.9289205964896833,0.9994929903455182
2025-11-27 21:42:00+00:00,XRPUSDT,2.2232,0.9061092007149677,0.9873746583183811
2025-11-27 21:43:00+00:00,BTCUSDT,91568.73,0.7847729921340942,0.8429328203201294
2025-11-27 21:43:00+00:00,ETHUSDT,3039.71,0.9457963109016418,0.9529696889331837
2025-11-27 21:43:00+00:00,SOLUSDT,142.36,0.9301071763038635,0.6289770603179932
2025-11-27 21:43:00+00:00,AVAXUSDT,15.06,0.938793278972708,0.9995342790261822
2025-11-27 21:43:00+00:00,XRPUSDT,2.2224,0.8794742091008887,0.9900309942606892
2025-11-27 21:44:00+00:00,BTCUSDT,91565.64,0.7553668022155762,0.853925347328186
2025-11-27 21:44:00+00:00,ETHUSDT,3038.8,0.9469522833824158,0.9553832360400011
2025-11-27 21:44:00+00:00,SOLUSDT,142.25,0.8447522521018982,0.621222734451294
2025-11-27 21:44:00+00:00,AVAXUSDT,15.06,0.927050554370588,0.9995738872844429
2025-11-27 21:44:00+00:00,XRPUSDT,2.2213,0.9159082858525521,0.9896844625473022
2025-11-27 21:45:00+00:00,BTCUSDT,91539.99,0.728105902671814,0.8503085970878601
2025-11-27 21:45:00+00:00,ETHUSDT,3038.14,0.9411172270774841,0.9553306026338305
2025-11-27 21:45:00+00:00,SOLUSDT,142.15,0.8009264469146729,0.5260456204414368
2025-11-27 21:45:00+00:00,AVAXUSDT,15.05,0.9541495548216828,0.9997800765776736
2025-11-27 21:45:00+00:00,XRPUSDT,2.2229,0.9232522034806163,0.9889019827358982
2025-11-27 21:46:00+00:00,BTCUSDT,91516.01,0.8530985713005066,0.8919818997383118
2025-11-27 21:46:00+00:00,ETHUSDT,3037.5,0.8922113632555941,0.960534133750199
2025-11-27 21:46:00+00:00,SOLUSDT,142.16,0.8103671669960022,0.5295147895812988
2025-11-27 21:46:00+00:00,AVAXUSDT,15.05,0.9688267777946316,0.9997725494748315
2025-11-27 21:46:00+00:00,XRPUSDT,2.2216,0.8589214703371297,0.9915635137034775
2025-11-27 21:47:00+00:00,BTCUSDT,91558.68,0.7310171723365784,0.8425312082471719
2025-11-27 21:47:00+00:00,ETHUSDT,3039.32,0.9269732236862183,0.9695138986243873
2025-11-27 21:47:00+00:00,SOLUSDT,142.24,0.8008407354354858,0.7310272455215454
2025-11-27 21:47:00+00:00,AVAXUSDT,15.06,0.9406530125235582,0.9994736926095267
2025-11-27 21:47:00+00:00,XRPUSDT,2.2226,0.8572513709506955,0.9907630653304681
2025-11-27 21:48:00+00:00,BTCUSDT,91570.01,0.7357776761054993,0.8331401944160461
2025-11-27 21:48:00+00:00,ETHUSDT,3040.58,0.9250765442848206,0.9534213855138619
2025-11-27 21:48:00+00:00,SOLUSDT,142.23,0.8576487302780151,0.6473278999328613
2025-11-27 21:48:00+00:00,AVAXUSDT,15.06,0.9344214797019958,0.9995302470183478
2025-11-27 21:48:00+00:00,XRPUSDT,2.2235,0.8646269193774878,0.9899148581945973
2025-11-27 21:49:00+00:00,BTCUSDT,91527.83,0.8337250351905823,0.886707067489624
2025-11-27 21:49:00+00:00,ETHUSDT,3037.9,0.8898891806602478,0.9525675201252339
2025-11-27 21:49:00+00:00,SOLUSDT,142.06,0.8400909304618835,0.48123911023139954
2025-11-27 21:49:00+00:00,AVAXUSDT,15.04,0.9743414587516929,0.9996355085225742
2025-11-27 21:49:00+00:00,XRPUSDT,2.2206,0.8954079235866067,0.9899412333442462
2025-11-27 21:50:00+00:00,BTCUSDT,91503.32,0.8123928904533386,0.914820762218188
2025-11-27 21:50:00+00:00,ETHUSDT,3037.39,0.8767556174764658,0.956184680420668
2025-11-27 21:50:00+00:00,SOLUSDT,141.99,0.7002859711647034,0.5553179383277893
2025-11-27 21:50:00+00:00,AVAXUSDT,15.04,0.9671418159240419,0.9997715832695449
2025-11-27 21:50:00+00:00,XRPUSDT,2.2174,0.9103619447022817,0.9887266325073576
